trades,wins,losses,win_rate_pct,total_r,avg_r,profit_factor,buffer_atr,rr,ema20_dist_bucket,ema50_dist_bucket
8,0,8,0.0,-8.0,-1.0,0.0,0.1,0.75,<=0.25,<=0.10
51,1,50,1.9607843137254901,-49.25,-0.9656862745098039,0.015,0.1,0.75,<=0.25,0.10-0.20
100,6,94,6.0,-89.5,-0.895,0.047872340425531915,0.1,0.75,<=0.25,0.20-0.30
231,22,209,9.523809523809524,-192.5,-0.8333333333333334,0.07894736842105263,0.1,0.75,<=0.25,0.30-0.50
206,39,167,18.932038834951456,-137.75,-0.6686893203883495,0.1751497005988024,0.1,0.75,<=0.25,0.50-0.75
143,46,97,32.16783216783217,-62.5,-0.4370629370629371,0.3556701030927835,0.1,0.75,<=0.25,>0.75
7,1,6,14.285714285714285,-5.25,-0.75,0.125,0.1,0.75,0.25-0.50,<=0.10
23,0,23,0.0,-23.0,-1.0,0.0,0.1,0.75,0.25-0.50,0.10-0.20
34,1,33,2.941176470588235,-32.25,-0.9485294117647058,0.022727272727272728,0.1,0.75,0.25-0.50,0.20-0.30
156,22,134,14.102564102564102,-117.5,-0.7532051282051282,0.12313432835820895,0.1,0.75,0.25-0.50,0.30-0.50
205,39,166,19.024390243902438,-136.75,-0.6670731707317074,0.17620481927710843,0.1,0.75,0.25-0.50,0.50-0.75
155,35,120,22.58064516129032,-93.75,-0.6048387096774194,0.21875,0.1,0.75,0.25-0.50,>0.75
4,0,4,0.0,-4.0,-1.0,0.0,0.1,0.75,0.50-0.75,<=0.10
21,1,20,4.761904761904762,-19.25,-0.9166666666666666,0.0375,0.1,0.75,0.50-0.75,0.10-0.20
16,1,15,6.25,-14.25,-0.890625,0.05,0.1,0.75,0.50-0.75,0.20-0.30
37,6,31,16.216216216216218,-26.5,-0.7162162162162162,0.14516129032258066,0.1,0.75,0.50-0.75,0.30-0.50
59,17,42,28.8135593220339,-29.25,-0.4957627118644068,0.30357142857142855,0.1,0.75,0.50-0.75,0.50-0.75
138,35,103,25.36231884057971,-76.75,-0.5561594202898551,0.25485436893203883,0.1,0.75,0.50-0.75,>0.75
4,0,4,0.0,-4.0,-1.0,0.0,0.1,0.75,0.75-1.00,<=0.10
7,0,7,0.0,-7.0,-1.0,0.0,0.1,0.75,0.75-1.00,0.10-0.20
8,0,8,0.0,-8.0,-1.0,0.0,0.1,0.75,0.75-1.00,0.20-0.30
21,1,20,4.761904761904762,-19.25,-0.9166666666666666,0.0375,0.1,0.75,0.75-1.00,0.30-0.50
16,2,14,12.5,-12.5,-0.78125,0.10714285714285714,0.1,0.75,0.75-1.00,0.50-0.75
98,28,70,28.57142857142857,-49.0,-0.5,0.3,0.1,0.75,0.75-1.00,>0.75
1,0,1,0.0,-1.0,-1.0,0.0,0.1,0.75,1.00-1.50,<=0.10
4,0,4,0.0,-4.0,-1.0,0.0,0.1,0.75,1.00-1.50,0.10-0.20
7,1,6,14.285714285714285,-5.25,-0.75,0.125,0.1,0.75,1.00-1.50,0.20-0.30
6,0,6,0.0,-6.0,-1.0,0.0,0.1,0.75,1.00-1.50,0.30-0.50
3,1,2,33.33333333333333,-1.25,-0.4166666666666667,0.375,0.1,0.75,1.00-1.50,0.50-0.75
65,24,41,36.92307692307693,-23.0,-0.35384615384615387,0.43902439024390244,0.1,0.75,1.00-1.50,>0.75
1,0,1,0.0,-1.0,-1.0,0.0,0.1,0.75,>1.50,0.10-0.20
1,1,0,100.0,0.75,0.75,inf,0.1,0.75,>1.50,0.20-0.30
1,0,1,0.0,-1.0,-1.0,0.0,0.1,0.75,>1.50,0.30-0.50
16,6,10,37.5,-5.5,-0.34375,0.45,0.1,0.75,>1.50,>0.75
8,0,8,0.0,-8.0,-1.0,0.0,0.1,1.0,<=0.25,<=0.10
51,1,50,1.9607843137254901,-49.0,-0.9607843137254902,0.02,0.1,1.0,<=0.25,0.10-0.20
100,6,94,6.0,-88.0,-0.88,0.06382978723404255,0.1,1.0,<=0.25,0.20-0.30
231,17,214,7.35930735930736,-197.0,-0.8528138528138528,0.0794392523364486,0.1,1.0,<=0.25,0.30-0.50
206,33,173,16.019417475728158,-140.0,-0.6796116504854369,0.1907514450867052,0.1,1.0,<=0.25,0.50-0.75
143,40,103,27.972027972027973,-63.0,-0.4405594405594406,0.3883495145631068,0.1,1.0,<=0.25,>0.75
7,1,6,14.285714285714285,-5.0,-0.7142857142857143,0.16666666666666666,0.1,1.0,0.25-0.50,<=0.10
23,0,23,0.0,-23.0,-1.0,0.0,0.1,1.0,0.25-0.50,0.10-0.20
34,1,33,2.941176470588235,-32.0,-0.9411764705882353,0.030303030303030304,0.1,1.0,0.25-0.50,0.20-0.30
156,18,138,11.538461538461538,-120.0,-0.7692307692307693,0.13043478260869565,0.1,1.0,0.25-0.50,0.30-0.50
205,37,168,18.048780487804876,-131.0,-0.6390243902439025,0.22023809523809523,0.1,1.0,0.25-0.50,0.50-0.75
155,32,123,20.64516129032258,-91.0,-0.5870967741935483,0.2601626016260163,0.1,1.0,0.25-0.50,>0.75
4,0,4,0.0,-4.0,-1.0,0.0,0.1,1.0,0.50-0.75,<=0.10
21,1,20,4.761904761904762,-19.0,-0.9047619047619048,0.05,0.1,1.0,0.50-0.75,0.10-0.20
16,1,15,6.25,-14.0,-0.875,0.06666666666666667,0.1,1.0,0.50-0.75,0.20-0.30
37,3,34,8.108108108108109,-31.0,-0.8378378378378378,0.08823529411764706,0.1,1.0,0.50-0.75,0.30-0.50
59,14,45,23.728813559322035,-31.0,-0.5254237288135594,0.3111111111111111,0.1,1.0,0.50-0.75,0.50-0.75
138,31,107,22.463768115942027,-76.0,-0.5507246376811594,0.2897196261682243,0.1,1.0,0.50-0.75,>0.75
4,0,4,0.0,-4.0,-1.0,0.0,0.1,1.0,0.75-1.00,<=0.10
7,0,7,0.0,-7.0,-1.0,0.0,0.1,1.0,0.75-1.00,0.10-0.20
8,0,8,0.0,-8.0,-1.0,0.0,0.1,1.0,0.75-1.00,0.20-0.30
21,1,20,4.761904761904762,-19.0,-0.9047619047619048,0.05,0.1,1.0,0.75-1.00,0.30-0.50
16,2,14,12.5,-12.0,-0.75,0.14285714285714285,0.1,1.0,0.75-1.00,0.50-0.75
98,27,71,27.55102040816326,-44.0,-0.4489795918367347,0.38028169014084506,0.1,1.0,0.75-1.00,>0.75
1,0,1,0.0,-1.0,-1.0,0.0,0.1,1.0,1.00-1.50,<=0.10
4,0,4,0.0,-4.0,-1.0,0.0,0.1,1.0,1.00-1.50,0.10-0.20
7,0,7,0.0,-7.0,-1.0,0.0,0.1,1.0,1.00-1.50,0.20-0.30
6,0,6,0.0,-6.0,-1.0,0.0,0.1,1.0,1.00-1.50,0.30-0.50
3,1,2,33.33333333333333,-1.0,-0.3333333333333333,0.5,0.1,1.0,1.00-1.50,0.50-0.75
65,20,45,30.76923076923077,-25.0,-0.38461538461538464,0.4444444444444444,0.1,1.0,1.00-1.50,>0.75
1,0,1,0.0,-1.0,-1.0,0.0,0.1,1.0,>1.50,0.10-0.20
1,1,0,100.0,1.0,1.0,inf,0.1,1.0,>1.50,0.20-0.30
1,0,1,0.0,-1.0,-1.0,0.0,0.1,1.0,>1.50,0.30-0.50
16,6,10,37.5,-4.0,-0.25,0.6,0.1,1.0,>1.50,>0.75
8,0,8,0.0,-8.0,-1.0,0.0,0.1,1.25,<=0.25,<=0.10
51,1,50,1.9607843137254901,-48.75,-0.9558823529411765,0.025,0.1,1.25,<=0.25,0.10-0.20
100,6,94,6.0,-86.5,-0.865,0.0797872340425532,0.1,1.25,<=0.25,0.20-0.30
231,13,218,5.627705627705628,-201.75,-0.8733766233766234,0.07454128440366972,0.1,1.25,<=0.25,0.30-0.50
206,30,176,14.563106796116504,-138.5,-0.6723300970873787,0.21306818181818182,0.1,1.25,<=0.25,0.50-0.75
143,35,108,24.475524475524477,-64.25,-0.4493006993006993,0.4050925925925926,0.1,1.25,<=0.25,>0.75
7,1,6,14.285714285714285,-4.75,-0.6785714285714286,0.20833333333333334,0.1,1.25,0.25-0.50,<=0.10
23,0,23,0.0,-23.0,-1.0,0.0,0.1,1.25,0.25-0.50,0.10-0.20
34,1,33,2.941176470588235,-31.75,-0.9338235294117647,0.03787878787878788,0.1,1.25,0.25-0.50,0.20-0.30
156,15,141,9.615384615384617,-122.25,-0.7836538461538461,0.13297872340425532,0.1,1.25,0.25-0.50,0.30-0.50
205,30,175,14.634146341463413,-137.5,-0.6707317073170732,0.21428571428571427,0.1,1.25,0.25-0.50,0.50-0.75
155,27,128,17.419354838709676,-94.25,-0.6080645161290322,0.263671875,0.1,1.25,0.25-0.50,>0.75
4,0,4,0.0,-4.0,-1.0,0.0,0.1,1.25,0.50-0.75,<=0.10
21,1,20,4.761904761904762,-18.75,-0.8928571428571429,0.0625,0.1,1.25,0.50-0.75,0.10-0.20
16,1,15,6.25,-13.75,-0.859375,0.08333333333333333,0.1,1.25,0.50-0.75,0.20-0.30
37,2,35,5.405405405405405,-32.5,-0.8783783783783784,0.07142857142857142,0.1,1.25,0.50-0.75,0.30-0.50
59,14,45,23.728813559322035,-27.5,-0.4661016949152542,0.3888888888888889,0.1,1.25,0.50-0.75,0.50-0.75
138,28,110,20.28985507246377,-75.0,-0.5434782608695652,0.3181818181818182,0.1,1.25,0.50-0.75,>0.75
4,0,4,0.0,-4.0,-1.0,0.0,0.1,1.25,0.75-1.00,<=0.10
7,0,7,0.0,-7.0,-1.0,0.0,0.1,1.25,0.75-1.00,0.10-0.20
8,0,8,0.0,-8.0,-1.0,0.0,0.1,1.25,0.75-1.00,0.20-0.30
21,1,20,4.761904761904762,-18.75,-0.8928571428571429,0.0625,0.1,1.25,0.75-1.00,0.30-0.50
16,2,14,12.5,-11.5,-0.71875,0.17857142857142858,0.1,1.25,0.75-1.00,0.50-0.75
98,23,75,23.46938775510204,-46.25,-0.4719387755102041,0.38333333333333336,0.1,1.25,0.75-1.00,>0.75
1,0,1,0.0,-1.0,-1.0,0.0,0.1,1.25,1.00-1.50,<=0.10
4,0,4,0.0,-4.0,-1.0,0.0,0.1,1.25,1.00-1.50,0.10-0.20
7,0,7,0.0,-7.0,-1.0,0.0,0.1,1.25,1.00-1.50,0.20-0.30
6,0,6,0.0,-6.0,-1.0,0.0,0.1,1.25,1.00-1.50,0.30-0.50
3,1,2,33.33333333333333,-0.75,-0.25,0.625,0.1,1.25,1.00-1.50,0.50-0.75
65,19,46,29.230769230769234,-22.25,-0.3423076923076923,0.5163043478260869,0.1,1.25,1.00-1.50,>0.75
1,0,1,0.0,-1.0,-1.0,0.0,0.1,1.25,>1.50,0.10-0.20
1,0,1,0.0,-1.0,-1.0,0.0,0.1,1.25,>1.50,0.20-0.30
1,0,1,0.0,-1.0,-1.0,0.0,0.1,1.25,>1.50,0.30-0.50
16,6,10,37.5,-2.5,-0.15625,0.75,0.1,1.25,>1.50,>0.75
8,0,8,0.0,-8.0,-1.0,0.0,0.1,1.5,<=0.25,<=0.10
51,1,50,1.9607843137254901,-48.5,-0.9509803921568627,0.03,0.1,1.5,<=0.25,0.10-0.20
100,5,95,5.0,-87.5,-0.875,0.07894736842105263,0.1,1.5,<=0.25,0.20-0.30
231,11,220,4.761904761904762,-203.5,-0.8809523809523809,0.075,0.1,1.5,<=0.25,0.30-0.50
206,28,178,13.592233009708737,-136.0,-0.6601941747572816,0.23595505617977527,0.1,1.5,<=0.25,0.50-0.75
143,31,112,21.678321678321677,-65.5,-0.458041958041958,0.41517857142857145,0.1,1.5,<=0.25,>0.75
7,1,6,14.285714285714285,-4.5,-0.6428571428571429,0.25,0.1,1.5,0.25-0.50,<=0.10
23,0,23,0.0,-23.0,-1.0,0.0,0.1,1.5,0.25-0.50,0.10-0.20
34,0,34,0.0,-34.0,-1.0,0.0,0.1,1.5,0.25-0.50,0.20-0.30
156,13,143,8.333333333333332,-123.5,-0.7916666666666666,0.13636363636363635,0.1,1.5,0.25-0.50,0.30-0.50
205,26,179,12.682926829268293,-140.0,-0.6829268292682927,0.21787709497206703,0.1,1.5,0.25-0.50,0.50-0.75
155,26,129,16.7741935483871,-90.0,-0.5806451612903226,0.3023255813953488,0.1,1.5,0.25-0.50,>0.75
4,0,4,0.0,-4.0,-1.0,0.0,0.1,1.5,0.50-0.75,<=0.10
21,1,20,4.761904761904762,-18.5,-0.8809523809523809,0.075,0.1,1.5,0.50-0.75,0.10-0.20
16,1,15,6.25,-13.5,-0.84375,0.1,0.1,1.5,0.50-0.75,0.20-0.30
37,2,35,5.405405405405405,-32.0,-0.8648648648648649,0.08571428571428572,0.1,1.5,0.50-0.75,0.30-0.50
59,13,46,22.033898305084744,-26.5,-0.4491525423728814,0.42391304347826086,0.1,1.5,0.50-0.75,0.50-0.75
138,28,110,20.28985507246377,-68.0,-0.4927536231884058,0.38181818181818183,0.1,1.5,0.50-0.75,>0.75
4,0,4,0.0,-4.0,-1.0,0.0,0.1,1.5,0.75-1.00,<=0.10
7,0,7,0.0,-7.0,-1.0,0.0,0.1,1.5,0.75-1.00,0.10-0.20
8,0,8,0.0,-8.0,-1.0,0.0,0.1,1.5,0.75-1.00,0.20-0.30
21,1,20,4.761904761904762,-18.5,-0.8809523809523809,0.075,0.1,1.5,0.75-1.00,0.30-0.50
16,2,14,12.5,-11.0,-0.6875,0.21428571428571427,0.1,1.5,0.75-1.00,0.50-0.75
98,18,80,18.367346938775512,-53.0,-0.5408163265306123,0.3375,0.1,1.5,0.75-1.00,>0.75
1,0,1,0.0,-1.0,-1.0,0.0,0.1,1.5,1.00-1.50,<=0.10
4,0,4,0.0,-4.0,-1.0,0.0,0.1,1.5,1.00-1.50,0.10-0.20
7,0,7,0.0,-7.0,-1.0,0.0,0.1,1.5,1.00-1.50,0.20-0.30
6,0,6,0.0,-6.0,-1.0,0.0,0.1,1.5,1.00-1.50,0.30-0.50
3,1,2,33.33333333333333,-0.5,-0.16666666666666666,0.75,0.1,1.5,1.00-1.50,0.50-0.75
65,16,49,24.615384615384617,-25.0,-0.38461538461538464,0.4897959183673469,0.1,1.5,1.00-1.50,>0.75
1,0,1,0.0,-1.0,-1.0,0.0,0.1,1.5,>1.50,0.10-0.20
1,0,1,0.0,-1.0,-1.0,0.0,0.1,1.5,>1.50,0.20-0.30
1,0,1,0.0,-1.0,-1.0,0.0,0.1,1.5,>1.50,0.30-0.50
16,6,10,37.5,-1.0,-0.0625,0.9,0.1,1.5,>1.50,>0.75
8,0,8,0.0,-8.0,-1.0,0.0,0.1,2.0,<=0.25,<=0.10
51,1,50,1.9607843137254901,-48.0,-0.9411764705882353,0.04,0.1,2.0,<=0.25,0.10-0.20
100,4,96,4.0,-88.0,-0.88,0.08333333333333333,0.1,2.0,<=0.25,0.20-0.30
231,9,222,3.896103896103896,-204.0,-0.8831168831168831,0.08108108108108109,0.1,2.0,<=0.25,0.30-0.50
206,22,184,10.679611650485436,-140.0,-0.6796116504854369,0.2391304347826087,0.1,2.0,<=0.25,0.50-0.75
143,29,114,20.27972027972028,-56.0,-0.3916083916083916,0.5087719298245614,0.1,2.0,<=0.25,>0.75
7,1,6,14.285714285714285,-4.0,-0.5714285714285714,0.3333333333333333,0.1,2.0,0.25-0.50,<=0.10
23,0,23,0.0,-23.0,-1.0,0.0,0.1,2.0,0.25-0.50,0.10-0.20
34,0,34,0.0,-34.0,-1.0,0.0,0.1,2.0,0.25-0.50,0.20-0.30
156,10,146,6.41025641025641,-126.0,-0.8076923076923077,0.136986301369863,0.1,2.0,0.25-0.50,0.30-0.50
205,20,185,9.75609756097561,-145.0,-0.7073170731707317,0.21621621621621623,0.1,2.0,0.25-0.50,0.50-0.75
155,21,134,13.548387096774196,-92.0,-0.5935483870967742,0.31343283582089554,0.1,2.0,0.25-0.50,>0.75
4,0,4,0.0,-4.0,-1.0,0.0,0.1,2.0,0.50-0.75,<=0.10
21,1,20,4.761904761904762,-18.0,-0.8571428571428571,0.1,0.1,2.0,0.50-0.75,0.10-0.20
16,0,16,0.0,-16.0,-1.0,0.0,0.1,2.0,0.50-0.75,0.20-0.30
37,2,35,5.405405405405405,-31.0,-0.8378378378378378,0.11428571428571428,0.1,2.0,0.50-0.75,0.30-0.50
59,8,51,13.559322033898304,-35.0,-0.5932203389830508,0.3137254901960784,0.1,2.0,0.50-0.75,0.50-0.75
138,21,117,15.217391304347828,-75.0,-0.5434782608695652,0.358974358974359,0.1,2.0,0.50-0.75,>0.75
4,0,4,0.0,-4.0,-1.0,0.0,0.1,2.0,0.75-1.00,<=0.10
7,0,7,0.0,-7.0,-1.0,0.0,0.1,2.0,0.75-1.00,0.10-0.20
8,0,8,0.0,-8.0,-1.0,0.0,0.1,2.0,0.75-1.00,0.20-0.30
21,0,21,0.0,-21.0,-1.0,0.0,0.1,2.0,0.75-1.00,0.30-0.50
16,2,14,12.5,-10.0,-0.625,0.2857142857142857,0.1,2.0,0.75-1.00,0.50-0.75
98,13,85,13.26530612244898,-59.0,-0.6020408163265306,0.3058823529411765,0.1,2.0,0.75-1.00,>0.75
1,0,1,0.0,-1.0,-1.0,0.0,0.1,2.0,1.00-1.50,<=0.10
4,0,4,0.0,-4.0,-1.0,0.0,0.1,2.0,1.00-1.50,0.10-0.20
7,0,7,0.0,-7.0,-1.0,0.0,0.1,2.0,1.00-1.50,0.20-0.30
6,0,6,0.0,-6.0,-1.0,0.0,0.1,2.0,1.00-1.50,0.30-0.50
3,1,2,33.33333333333333,0.0,0.0,1.0,0.1,2.0,1.00-1.50,0.50-0.75
65,14,51,21.53846153846154,-23.0,-0.35384615384615387,0.5490196078431373,0.1,2.0,1.00-1.50,>0.75
1,0,1,0.0,-1.0,-1.0,0.0,0.1,2.0,>1.50,0.10-0.20
1,0,1,0.0,-1.0,-1.0,0.0,0.1,2.0,>1.50,0.20-0.30
1,0,1,0.0,-1.0,-1.0,0.0,0.1,2.0,>1.50,0.30-0.50
16,4,12,25.0,-4.0,-0.25,0.6666666666666666,0.1,2.0,>1.50,>0.75
8,0,8,0.0,-8.0,-1.0,0.0,0.1,2.5,<=0.25,<=0.10
51,0,51,0.0,-51.0,-1.0,0.0,0.1,2.5,<=0.25,0.10-0.20
100,2,98,2.0,-93.0,-0.93,0.05102040816326531,0.1,2.5,<=0.25,0.20-0.30
231,9,222,3.896103896103896,-199.5,-0.8636363636363636,0.10135135135135136,0.1,2.5,<=0.25,0.30-0.50
206,18,188,8.737864077669903,-143.0,-0.6941747572815534,0.2393617021276596,0.1,2.5,<=0.25,0.50-0.75
143,22,121,15.384615384615385,-66.0,-0.46153846153846156,0.45454545454545453,0.1,2.5,<=0.25,>0.75
7,1,6,14.285714285714285,-3.5,-0.5,0.4166666666666667,0.1,2.5,0.25-0.50,<=0.10
23,0,23,0.0,-23.0,-1.0,0.0,0.1,2.5,0.25-0.50,0.10-0.20
34,0,34,0.0,-34.0,-1.0,0.0,0.1,2.5,0.25-0.50,0.20-0.30
156,10,146,6.41025641025641,-121.0,-0.7756410256410257,0.17123287671232876,0.1,2.5,0.25-0.50,0.30-0.50
205,15,190,7.317073170731707,-152.5,-0.7439024390243902,0.19736842105263158,0.1,2.5,0.25-0.50,0.50-0.75
155,15,140,9.67741935483871,-102.5,-0.6612903225806451,0.26785714285714285,0.1,2.5,0.25-0.50,>0.75
4,0,4,0.0,-4.0,-1.0,0.0,0.1,2.5,0.50-0.75,<=0.10
21,1,20,4.761904761904762,-17.5,-0.8333333333333334,0.125,0.1,2.5,0.50-0.75,0.10-0.20
16,0,16,0.0,-16.0,-1.0,0.0,0.1,2.5,0.50-0.75,0.20-0.30
37,2,35,5.405405405405405,-30.0,-0.8108108108108109,0.14285714285714285,0.1,2.5,0.50-0.75,0.30-0.50
59,5,54,8.47457627118644,-41.5,-0.7033898305084746,0.23148148148148148,0.1,2.5,0.50-0.75,0.50-0.75
138,17,121,12.318840579710146,-78.5,-0.5688405797101449,0.3512396694214876,0.1,2.5,0.50-0.75,>0.75
4,0,4,0.0,-4.0,-1.0,0.0,0.1,2.5,0.75-1.00,<=0.10
7,0,7,0.0,-7.0,-1.0,0.0,0.1,2.5,0.75-1.00,0.10-0.20
8,0,8,0.0,-8.0,-1.0,0.0,0.1,2.5,0.75-1.00,0.20-0.30
21,0,21,0.0,-21.0,-1.0,0.0,0.1,2.5,0.75-1.00,0.30-0.50
16,2,14,12.5,-9.0,-0.5625,0.35714285714285715,0.1,2.5,0.75-1.00,0.50-0.75
98,12,86,12.244897959183673,-56.0,-0.5714285714285714,0.3488372093023256,0.1,2.5,0.75-1.00,>0.75
1,0,1,0.0,-1.0,-1.0,0.0,0.1,2.5,1.00-1.50,<=0.10
4,0,4,0.0,-4.0,-1.0,0.0,0.1,2.5,1.00-1.50,0.10-0.20
7,0,7,0.0,-7.0,-1.0,0.0,0.1,2.5,1.00-1.50,0.20-0.30
6,0,6,0.0,-6.0,-1.0,0.0,0.1,2.5,1.00-1.50,0.30-0.50
3,1,2,33.33333333333333,0.5,0.16666666666666666,1.25,0.1,2.5,1.00-1.50,0.50-0.75
65,13,52,20.0,-19.5,-0.3,0.625,0.1,2.5,1.00-1.50,>0.75
1,0,1,0.0,-1.0,-1.0,0.0,0.1,2.5,>1.50,0.10-0.20
1,0,1,0.0,-1.0,-1.0,0.0,0.1,2.5,>1.50,0.20-0.30
1,0,1,0.0,-1.0,-1.0,0.0,0.1,2.5,>1.50,0.30-0.50
16,4,12,25.0,-2.0,-0.125,0.8333333333333334,0.1,2.5,>1.50,>0.75
8,0,8,0.0,-8.0,-1.0,0.0,0.1,3.0,<=0.25,<=0.10
51,0,51,0.0,-51.0,-1.0,0.0,0.1,3.0,<=0.25,0.10-0.20
100,2,98,2.0,-92.0,-0.92,0.061224489795918366,0.1,3.0,<=0.25,0.20-0.30
231,7,224,3.0303030303030303,-203.0,-0.8787878787878788,0.09375,0.1,3.0,<=0.25,0.30-0.50
206,15,191,7.281553398058252,-146.0,-0.7087378640776699,0.2356020942408377,0.1,3.0,<=0.25,0.50-0.75
143,20,123,13.986013986013987,-63.0,-0.4405594405594406,0.4878048780487805,0.1,3.0,<=0.25,>0.75
7,1,6,14.285714285714285,-3.0,-0.42857142857142855,0.5,0.1,3.0,0.25-0.50,<=0.10
23,0,23,0.0,-23.0,-1.0,0.0,0.1,3.0,0.25-0.50,0.10-0.20
34,0,34,0.0,-34.0,-1.0,0.0,0.1,3.0,0.25-0.50,0.20-0.30
156,7,149,4.487179487179487,-128.0,-0.8205128205128205,0.14093959731543623,0.1,3.0,0.25-0.50,0.30-0.50
205,14,191,6.829268292682928,-149.0,-0.7268292682926829,0.2198952879581152,0.1,3.0,0.25-0.50,0.50-0.75
155,14,141,9.032258064516128,-99.0,-0.6387096774193548,0.2978723404255319,0.1,3.0,0.25-0.50,>0.75
4,0,4,0.0,-4.0,-1.0,0.0,0.1,3.0,0.50-0.75,<=0.10
21,1,20,4.761904761904762,-17.0,-0.8095238095238095,0.15,0.1,3.0,0.50-0.75,0.10-0.20
16,0,16,0.0,-16.0,-1.0,0.0,0.1,3.0,0.50-0.75,0.20-0.30
37,2,35,5.405405405405405,-29.0,-0.7837837837837838,0.17142857142857143,0.1,3.0,0.50-0.75,0.30-0.50
59,5,54,8.47457627118644,-39.0,-0.6610169491525424,0.2777777777777778,0.1,3.0,0.50-0.75,0.50-0.75
138,14,124,10.144927536231885,-82.0,-0.5942028985507246,0.3387096774193548,0.1,3.0,0.50-0.75,>0.75
4,0,4,0.0,-4.0,-1.0,0.0,0.1,3.0,0.75-1.00,<=0.10
7,0,7,0.0,-7.0,-1.0,0.0,0.1,3.0,0.75-1.00,0.10-0.20
8,0,8,0.0,-8.0,-1.0,0.0,0.1,3.0,0.75-1.00,0.20-0.30
21,0,21,0.0,-21.0,-1.0,0.0,0.1,3.0,0.75-1.00,0.30-0.50
16,2,14,12.5,-8.0,-0.5,0.42857142857142855,0.1,3.0,0.75-1.00,0.50-0.75
98,9,89,9.183673469387756,-62.0,-0.6326530612244898,0.30337078651685395,0.1,3.0,0.75-1.00,>0.75
1,0,1,0.0,-1.0,-1.0,0.0,0.1,3.0,1.00-1.50,<=0.10
4,0,4,0.0,-4.0,-1.0,0.0,0.1,3.0,1.00-1.50,0.10-0.20
7,0,7,0.0,-7.0,-1.0,0.0,0.1,3.0,1.00-1.50,0.20-0.30
6,0,6,0.0,-6.0,-1.0,0.0,0.1,3.0,1.00-1.50,0.30-0.50
3,1,2,33.33333333333333,1.0,0.3333333333333333,1.5,0.1,3.0,1.00-1.50,0.50-0.75
65,12,53,18.461538461538463,-17.0,-0.26153846153846155,0.6792452830188679,0.1,3.0,1.00-1.50,>0.75
1,0,1,0.0,-1.0,-1.0,0.0,0.1,3.0,>1.50,0.10-0.20
1,0,1,0.0,-1.0,-1.0,0.0,0.1,3.0,>1.50,0.20-0.30
1,0,1,0.0,-1.0,-1.0,0.0,0.1,3.0,>1.50,0.30-0.50
16,3,13,18.75,-4.0,-0.25,0.6923076923076923,0.1,3.0,>1.50,>0.75
8,0,8,0.0,-8.0,-1.0,0.0,0.2,0.75,<=0.25,<=0.10
51,5,46,9.803921568627452,-42.25,-0.8284313725490197,0.08152173913043478,0.2,0.75,<=0.25,0.10-0.20
100,13,87,13.0,-77.25,-0.7725,0.11206896551724138,0.2,0.75,<=0.25,0.20-0.30
231,46,185,19.913419913419915,-150.5,-0.6515151515151515,0.1864864864864865,0.2,0.75,<=0.25,0.30-0.50
206,62,144,30.097087378640776,-97.5,-0.4733009708737864,0.3229166666666667,0.2,0.75,<=0.25,0.50-0.75
143,57,86,39.86013986013986,-43.25,-0.30244755244755245,0.49709302325581395,0.2,0.75,<=0.25,>0.75
7,1,6,14.285714285714285,-5.25,-0.75,0.125,0.2,0.75,0.25-0.50,<=0.10
23,1,22,4.3478260869565215,-21.25,-0.9239130434782609,0.03409090909090909,0.2,0.75,0.25-0.50,0.10-0.20
34,6,28,17.647058823529413,-23.5,-0.6911764705882353,0.16071428571428573,0.2,0.75,0.25-0.50,0.20-0.30
156,47,109,30.128205128205128,-73.75,-0.47275641025641024,0.32339449541284404,0.2,0.75,0.25-0.50,0.30-0.50
205,68,137,33.170731707317074,-86.0,-0.4195121951219512,0.3722627737226277,0.2,0.75,0.25-0.50,0.50-0.75
155,49,106,31.61290322580645,-69.25,-0.4467741935483871,0.3466981132075472,0.2,0.75,0.25-0.50,>0.75
4,0,4,0.0,-4.0,-1.0,0.0,0.2,0.75,0.50-0.75,<=0.10
21,2,19,9.523809523809524,-17.5,-0.8333333333333334,0.07894736842105263,0.2,0.75,0.50-0.75,0.10-0.20
16,2,14,12.5,-12.5,-0.78125,0.10714285714285714,0.2,0.75,0.50-0.75,0.20-0.30
37,10,27,27.027027027027028,-19.5,-0.527027027027027,0.2777777777777778,0.2,0.75,0.50-0.75,0.30-0.50
59,25,34,42.3728813559322,-15.25,-0.2584745762711864,0.5514705882352942,0.2,0.75,0.50-0.75,0.50-0.75
138,46,92,33.33333333333333,-57.5,-0.4166666666666667,0.375,0.2,0.75,0.50-0.75,>0.75
4,0,4,0.0,-4.0,-1.0,0.0,0.2,0.75,0.75-1.00,<=0.10
7,0,7,0.0,-7.0,-1.0,0.0,0.2,0.75,0.75-1.00,0.10-0.20
8,0,8,0.0,-8.0,-1.0,0.0,0.2,0.75,0.75-1.00,0.20-0.30
21,5,16,23.809523809523807,-12.25,-0.5833333333333334,0.234375,0.2,0.75,0.75-1.00,0.30-0.50
16,3,13,18.75,-10.75,-0.671875,0.17307692307692307,0.2,0.75,0.75-1.00,0.50-0.75
98,38,60,38.775510204081634,-31.5,-0.32142857142857145,0.475,0.2,0.75,0.75-1.00,>0.75
1,0,1,0.0,-1.0,-1.0,0.0,0.2,0.75,1.00-1.50,<=0.10
4,0,4,0.0,-4.0,-1.0,0.0,0.2,0.75,1.00-1.50,0.10-0.20
7,1,6,14.285714285714285,-5.25,-0.75,0.125,0.2,0.75,1.00-1.50,0.20-0.30
6,1,5,16.666666666666664,-4.25,-0.7083333333333334,0.15,0.2,0.75,1.00-1.50,0.30-0.50
3,1,2,33.33333333333333,-1.25,-0.4166666666666667,0.375,0.2,0.75,1.00-1.50,0.50-0.75
65,27,38,41.53846153846154,-17.75,-0.27307692307692305,0.5328947368421053,0.2,0.75,1.00-1.50,>0.75
1,0,1,0.0,-1.0,-1.0,0.0,0.2,0.75,>1.50,0.10-0.20
1,1,0,100.0,0.75,0.75,inf,0.2,0.75,>1.50,0.20-0.30
1,0,1,0.0,-1.0,-1.0,0.0,0.2,0.75,>1.50,0.30-0.50
16,7,9,43.75,-3.75,-0.234375,0.5833333333333334,0.2,0.75,>1.50,>0.75
8,0,8,0.0,-8.0,-1.0,0.0,0.2,1.0,<=0.25,<=0.10
51,4,47,7.8431372549019605,-43.0,-0.8431372549019608,0.0851063829787234,0.2,1.0,<=0.25,0.10-0.20
100,11,89,11.0,-78.0,-0.78,0.12359550561797752,0.2,1.0,<=0.25,0.20-0.30
231,41,190,17.74891774891775,-149.0,-0.645021645021645,0.21578947368421053,0.2,1.0,<=0.25,0.30-0.50
206,54,152,26.21359223300971,-98.0,-0.47572815533980584,0.35526315789473684,0.2,1.0,<=0.25,0.50-0.75
143,53,90,37.06293706293706,-37.0,-0.25874125874125875,0.5888888888888889,0.2,1.0,<=0.25,>0.75
7,1,6,14.285714285714285,-5.0,-0.7142857142857143,0.16666666666666666,0.2,1.0,0.25-0.50,<=0.10
23,0,23,0.0,-23.0,-1.0,0.0,0.2,1.0,0.25-0.50,0.10-0.20
34,3,31,8.823529411764707,-28.0,-0.8235294117647058,0.0967741935483871,0.2,1.0,0.25-0.50,0.20-0.30
156,41,115,26.282051282051285,-74.0,-0.47435897435897434,0.3565217391304348,0.2,1.0,0.25-0.50,0.30-0.50
205,57,148,27.80487804878049,-91.0,-0.44390243902439025,0.38513513513513514,0.2,1.0,0.25-0.50,0.50-0.75
155,44,111,28.387096774193548,-67.0,-0.432258064516129,0.3963963963963964,0.2,1.0,0.25-0.50,>0.75
4,0,4,0.0,-4.0,-1.0,0.0,0.2,1.0,0.50-0.75,<=0.10
21,2,19,9.523809523809524,-17.0,-0.8095238095238095,0.10526315789473684,0.2,1.0,0.50-0.75,0.10-0.20
16,2,14,12.5,-12.0,-0.75,0.14285714285714285,0.2,1.0,0.50-0.75,0.20-0.30
37,8,29,21.62162162162162,-21.0,-0.5675675675675675,0.27586206896551724,0.2,1.0,0.50-0.75,0.30-0.50
59,23,36,38.983050847457626,-13.0,-0.22033898305084745,0.6388888888888888,0.2,1.0,0.50-0.75,0.50-0.75
138,41,97,29.71014492753623,-56.0,-0.4057971014492754,0.422680412371134,0.2,1.0,0.50-0.75,>0.75
4,0,4,0.0,-4.0,-1.0,0.0,0.2,1.0,0.75-1.00,<=0.10
7,0,7,0.0,-7.0,-1.0,0.0,0.2,1.0,0.75-1.00,0.10-0.20
8,0,8,0.0,-8.0,-1.0,0.0,0.2,1.0,0.75-1.00,0.20-0.30
21,5,16,23.809523809523807,-11.0,-0.5238095238095238,0.3125,0.2,1.0,0.75-1.00,0.30-0.50
16,3,13,18.75,-10.0,-0.625,0.23076923076923078,0.2,1.0,0.75-1.00,0.50-0.75
98,35,63,35.714285714285715,-28.0,-0.2857142857142857,0.5555555555555556,0.2,1.0,0.75-1.00,>0.75
1,0,1,0.0,-1.0,-1.0,0.0,0.2,1.0,1.00-1.50,<=0.10
4,0,4,0.0,-4.0,-1.0,0.0,0.2,1.0,1.00-1.50,0.10-0.20
7,1,6,14.285714285714285,-5.0,-0.7142857142857143,0.16666666666666666,0.2,1.0,1.00-1.50,0.20-0.30
6,1,5,16.666666666666664,-4.0,-0.6666666666666666,0.2,0.2,1.0,1.00-1.50,0.30-0.50
3,1,2,33.33333333333333,-1.0,-0.3333333333333333,0.5,0.2,1.0,1.00-1.50,0.50-0.75
65,25,40,38.46153846153847,-15.0,-0.23076923076923078,0.625,0.2,1.0,1.00-1.50,>0.75
1,0,1,0.0,-1.0,-1.0,0.0,0.2,1.0,>1.50,0.10-0.20
1,0,1,0.0,-1.0,-1.0,0.0,0.2,1.0,>1.50,0.20-0.30
1,0,1,0.0,-1.0,-1.0,0.0,0.2,1.0,>1.50,0.30-0.50
16,7,9,43.75,-2.0,-0.125,0.7777777777777778,0.2,1.0,>1.50,>0.75
8,0,8,0.0,-8.0,-1.0,0.0,0.2,1.25,<=0.25,<=0.10
51,4,47,7.8431372549019605,-42.0,-0.8235294117647058,0.10638297872340426,0.2,1.25,<=0.25,0.10-0.20
100,11,89,11.0,-75.25,-0.7525,0.1544943820224719,0.2,1.25,<=0.25,0.20-0.30
231,38,193,16.450216450216452,-145.5,-0.6298701298701299,0.24611398963730569,0.2,1.25,<=0.25,0.30-0.50
206,51,155,24.75728155339806,-91.25,-0.4429611650485437,0.4112903225806452,0.2,1.25,<=0.25,0.50-0.75
143,43,100,30.069930069930066,-46.25,-0.32342657342657344,0.5375,0.2,1.25,<=0.25,>0.75
7,1,6,14.285714285714285,-4.75,-0.6785714285714286,0.20833333333333334,0.2,1.25,0.25-0.50,<=0.10
23,0,23,0.0,-23.0,-1.0,0.0,0.2,1.25,0.25-0.50,0.10-0.20
34,3,31,8.823529411764707,-27.25,-0.8014705882352942,0.12096774193548387,0.2,1.25,0.25-0.50,0.20-0.30
156,33,123,21.153846153846153,-81.75,-0.5240384615384616,0.3353658536585366,0.2,1.25,0.25-0.50,0.30-0.50
205,52,153,25.365853658536587,-88.0,-0.4292682926829268,0.42483660130718953,0.2,1.25,0.25-0.50,0.50-0.75
155,37,118,23.870967741935484,-71.75,-0.4629032258064516,0.3919491525423729,0.2,1.25,0.25-0.50,>0.75
4,0,4,0.0,-4.0,-1.0,0.0,0.2,1.25,0.50-0.75,<=0.10
21,2,19,9.523809523809524,-16.5,-0.7857142857142857,0.13157894736842105,0.2,1.25,0.50-0.75,0.10-0.20
16,2,14,12.5,-11.5,-0.71875,0.17857142857142858,0.2,1.25,0.50-0.75,0.20-0.30
37,7,30,18.91891891891892,-21.25,-0.5743243243243243,0.2916666666666667,0.2,1.25,0.50-0.75,0.30-0.50
59,23,36,38.983050847457626,-7.25,-0.1228813559322034,0.7986111111111112,0.2,1.25,0.50-0.75,0.50-0.75
138,39,99,28.26086956521739,-50.25,-0.3641304347826087,0.49242424242424243,0.2,1.25,0.50-0.75,>0.75
4,0,4,0.0,-4.0,-1.0,0.0,0.2,1.25,0.75-1.00,<=0.10
7,0,7,0.0,-7.0,-1.0,0.0,0.2,1.25,0.75-1.00,0.10-0.20
8,0,8,0.0,-8.0,-1.0,0.0,0.2,1.25,0.75-1.00,0.20-0.30
21,5,16,23.809523809523807,-9.75,-0.4642857142857143,0.390625,0.2,1.25,0.75-1.00,0.30-0.50
16,2,14,12.5,-11.5,-0.71875,0.17857142857142858,0.2,1.25,0.75-1.00,0.50-0.75
98,31,67,31.63265306122449,-28.25,-0.288265306122449,0.5783582089552238,0.2,1.25,0.75-1.00,>0.75
1,0,1,0.0,-1.0,-1.0,0.0,0.2,1.25,1.00-1.50,<=0.10
4,0,4,0.0,-4.0,-1.0,0.0,0.2,1.25,1.00-1.50,0.10-0.20
7,1,6,14.285714285714285,-4.75,-0.6785714285714286,0.20833333333333334,0.2,1.25,1.00-1.50,0.20-0.30
6,1,5,16.666666666666664,-3.75,-0.625,0.25,0.2,1.25,1.00-1.50,0.30-0.50
3,1,2,33.33333333333333,-0.75,-0.25,0.625,0.2,1.25,1.00-1.50,0.50-0.75
65,23,42,35.38461538461539,-13.25,-0.20384615384615384,0.6845238095238095,0.2,1.25,1.00-1.50,>0.75
1,0,1,0.0,-1.0,-1.0,0.0,0.2,1.25,>1.50,0.10-0.20
1,0,1,0.0,-1.0,-1.0,0.0,0.2,1.25,>1.50,0.20-0.30
1,0,1,0.0,-1.0,-1.0,0.0,0.2,1.25,>1.50,0.30-0.50
16,7,9,43.75,-0.25,-0.015625,0.9722222222222222,0.2,1.25,>1.50,>0.75
8,0,8,0.0,-8.0,-1.0,0.0,0.2,1.5,<=0.25,<=0.10
51,2,49,3.9215686274509802,-46.0,-0.9019607843137255,0.061224489795918366,0.2,1.5,<=0.25,0.10-0.20
100,10,90,10.0,-75.0,-0.75,0.16666666666666666,0.2,1.5,<=0.25,0.20-0.30
231,35,196,15.151515151515152,-143.5,-0.6212121212121212,0.26785714285714285,0.2,1.5,<=0.25,0.30-0.50
206,46,160,22.330097087378643,-91.0,-0.441747572815534,0.43125,0.2,1.5,<=0.25,0.50-0.75
143,40,103,27.972027972027973,-43.0,-0.3006993006993007,0.5825242718446602,0.2,1.5,<=0.25,>0.75
7,1,6,14.285714285714285,-4.5,-0.6428571428571429,0.25,0.2,1.5,0.25-0.50,<=0.10
23,0,23,0.0,-23.0,-1.0,0.0,0.2,1.5,0.25-0.50,0.10-0.20
34,3,31,8.823529411764707,-26.5,-0.7794117647058824,0.14516129032258066,0.2,1.5,0.25-0.50,0.20-0.30
156,29,127,18.58974358974359,-83.5,-0.5352564102564102,0.3425196850393701,0.2,1.5,0.25-0.50,0.30-0.50
205,46,159,22.439024390243905,-90.0,-0.43902439024390244,0.4339622641509434,0.2,1.5,0.25-0.50,0.50-0.75
155,31,124,20.0,-77.5,-0.5,0.375,0.2,1.5,0.25-0.50,>0.75
4,0,4,0.0,-4.0,-1.0,0.0,0.2,1.5,0.50-0.75,<=0.10
21,1,20,4.761904761904762,-18.5,-0.8809523809523809,0.075,0.2,1.5,0.50-0.75,0.10-0.20
16,1,15,6.25,-13.5,-0.84375,0.1,0.2,1.5,0.50-0.75,0.20-0.30
37,7,30,18.91891891891892,-19.5,-0.527027027027027,0.35,0.2,1.5,0.50-0.75,0.30-0.50
59,18,41,30.508474576271187,-14.0,-0.23728813559322035,0.6585365853658537,0.2,1.5,0.50-0.75,0.50-0.75
138,35,103,25.36231884057971,-50.5,-0.36594202898550726,0.5097087378640777,0.2,1.5,0.50-0.75,>0.75
4,0,4,0.0,-4.0,-1.0,0.0,0.2,1.5,0.75-1.00,<=0.10
7,0,7,0.0,-7.0,-1.0,0.0,0.2,1.5,0.75-1.00,0.10-0.20
8,0,8,0.0,-8.0,-1.0,0.0,0.2,1.5,0.75-1.00,0.20-0.30
21,4,17,19.047619047619047,-11.0,-0.5238095238095238,0.35294117647058826,0.2,1.5,0.75-1.00,0.30-0.50
16,2,14,12.5,-11.0,-0.6875,0.21428571428571427,0.2,1.5,0.75-1.00,0.50-0.75
98,24,74,24.489795918367346,-38.0,-0.3877551020408163,0.4864864864864865,0.2,1.5,0.75-1.00,>0.75
1,0,1,0.0,-1.0,-1.0,0.0,0.2,1.5,1.00-1.50,<=0.10
4,0,4,0.0,-4.0,-1.0,0.0,0.2,1.5,1.00-1.50,0.10-0.20
7,1,6,14.285714285714285,-4.5,-0.6428571428571429,0.25,0.2,1.5,1.00-1.50,0.20-0.30
6,1,5,16.666666666666664,-3.5,-0.5833333333333334,0.3,0.2,1.5,1.00-1.50,0.30-0.50
3,1,2,33.33333333333333,-0.5,-0.16666666666666666,0.75,0.2,1.5,1.00-1.50,0.50-0.75
65,21,44,32.30769230769231,-12.5,-0.19230769230769232,0.7159090909090909,0.2,1.5,1.00-1.50,>0.75
1,0,1,0.0,-1.0,-1.0,0.0,0.2,1.5,>1.50,0.10-0.20
1,0,1,0.0,-1.0,-1.0,0.0,0.2,1.5,>1.50,0.20-0.30
1,0,1,0.0,-1.0,-1.0,0.0,0.2,1.5,>1.50,0.30-0.50
16,6,10,37.5,-1.0,-0.0625,0.9,0.2,1.5,>1.50,>0.75
8,0,8,0.0,-8.0,-1.0,0.0,0.2,2.0,<=0.25,<=0.10
51,1,50,1.9607843137254901,-48.0,-0.9411764705882353,0.04,0.2,2.0,<=0.25,0.10-0.20
100,9,91,9.0,-73.0,-0.73,0.1978021978021978,0.2,2.0,<=0.25,0.20-0.30
231,28,203,12.121212121212121,-147.0,-0.6363636363636364,0.27586206896551724,0.2,2.0,<=0.25,0.30-0.50
206,39,167,18.932038834951456,-89.0,-0.4320388349514563,0.46706586826347307,0.2,2.0,<=0.25,0.50-0.75
143,31,112,21.678321678321677,-50.0,-0.34965034965034963,0.5535714285714286,0.2,2.0,<=0.25,>0.75
7,1,6,14.285714285714285,-4.0,-0.5714285714285714,0.3333333333333333,0.2,2.0,0.25-0.50,<=0.10
23,0,23,0.0,-23.0,-1.0,0.0,0.2,2.0,0.25-0.50,0.10-0.20
34,3,31,8.823529411764707,-25.0,-0.7352941176470589,0.1935483870967742,0.2,2.0,0.25-0.50,0.20-0.30
156,26,130,16.666666666666664,-78.0,-0.5,0.4,0.2,2.0,0.25-0.50,0.30-0.50
205,35,170,17.073170731707318,-100.0,-0.4878048780487805,0.4117647058823529,0.2,2.0,0.25-0.50,0.50-0.75
155,25,130,16.129032258064516,-80.0,-0.5161290322580645,0.38461538461538464,0.2,2.0,0.25-0.50,>0.75
4,0,4,0.0,-4.0,-1.0,0.0,0.2,2.0,0.50-0.75,<=0.10
21,1,20,4.761904761904762,-18.0,-0.8571428571428571,0.1,0.2,2.0,0.50-0.75,0.10-0.20
16,1,15,6.25,-13.0,-0.8125,0.13333333333333333,0.2,2.0,0.50-0.75,0.20-0.30
37,7,30,18.91891891891892,-16.0,-0.43243243243243246,0.4666666666666667,0.2,2.0,0.50-0.75,0.30-0.50
59,12,47,20.33898305084746,-23.0,-0.3898305084745763,0.5106382978723404,0.2,2.0,0.50-0.75,0.50-0.75
138,29,109,21.014492753623188,-51.0,-0.3695652173913043,0.5321100917431193,0.2,2.0,0.50-0.75,>0.75
4,0,4,0.0,-4.0,-1.0,0.0,0.2,2.0,0.75-1.00,<=0.10
7,0,7,0.0,-7.0,-1.0,0.0,0.2,2.0,0.75-1.00,0.10-0.20
8,0,8,0.0,-8.0,-1.0,0.0,0.2,2.0,0.75-1.00,0.20-0.30
21,4,17,19.047619047619047,-9.0,-0.42857142857142855,0.47058823529411764,0.2,2.0,0.75-1.00,0.30-0.50
16,2,14,12.5,-10.0,-0.625,0.2857142857142857,0.2,2.0,0.75-1.00,0.50-0.75
98,21,77,21.428571428571427,-35.0,-0.35714285714285715,0.5454545454545454,0.2,2.0,0.75-1.00,>0.75
1,0,1,0.0,-1.0,-1.0,0.0,0.2,2.0,1.00-1.50,<=0.10
4,0,4,0.0,-4.0,-1.0,0.0,0.2,2.0,1.00-1.50,0.10-0.20
7,1,6,14.285714285714285,-4.0,-0.5714285714285714,0.3333333333333333,0.2,2.0,1.00-1.50,0.20-0.30
6,0,6,0.0,-6.0,-1.0,0.0,0.2,2.0,1.00-1.50,0.30-0.50
3,1,2,33.33333333333333,0.0,0.0,1.0,0.2,2.0,1.00-1.50,0.50-0.75
65,18,47,27.692307692307693,-11.0,-0.16923076923076924,0.7659574468085106,0.2,2.0,1.00-1.50,>0.75
1,0,1,0.0,-1.0,-1.0,0.0,0.2,2.0,>1.50,0.10-0.20
1,0,1,0.0,-1.0,-1.0,0.0,0.2,2.0,>1.50,0.20-0.30
1,0,1,0.0,-1.0,-1.0,0.0,0.2,2.0,>1.50,0.30-0.50
16,5,11,31.25,-1.0,-0.0625,0.9090909090909091,0.2,2.0,>1.50,>0.75
8,0,8,0.0,-8.0,-1.0,0.0,0.2,2.5,<=0.25,<=0.10
51,1,50,1.9607843137254901,-47.5,-0.9313725490196079,0.05,0.2,2.5,<=0.25,0.10-0.20
100,7,93,7.000000000000001,-75.5,-0.755,0.1881720430107527,0.2,2.5,<=0.25,0.20-0.30
231,23,208,9.956709956709958,-150.5,-0.6515151515151515,0.2764423076923077,0.2,2.5,<=0.25,0.30-0.50
206,34,172,16.50485436893204,-87.0,-0.4223300970873786,0.4941860465116279,0.2,2.5,<=0.25,0.50-0.75
143,30,113,20.97902097902098,-38.0,-0.26573426573426573,0.6637168141592921,0.2,2.5,<=0.25,>0.75
7,1,6,14.285714285714285,-3.5,-0.5,0.4166666666666667,0.2,2.5,0.25-0.50,<=0.10
23,0,23,0.0,-23.0,-1.0,0.0,0.2,2.5,0.25-0.50,0.10-0.20
34,2,32,5.88235294117647,-27.0,-0.7941176470588235,0.15625,0.2,2.5,0.25-0.50,0.20-0.30
156,21,135,13.461538461538462,-82.5,-0.5288461538461539,0.3888888888888889,0.2,2.5,0.25-0.50,0.30-0.50
205,30,175,14.634146341463413,-100.0,-0.4878048780487805,0.42857142857142855,0.2,2.5,0.25-0.50,0.50-0.75
155,19,136,12.258064516129032,-88.5,-0.5709677419354838,0.3492647058823529,0.2,2.5,0.25-0.50,>0.75
4,0,4,0.0,-4.0,-1.0,0.0,0.2,2.5,0.50-0.75,<=0.10
21,1,20,4.761904761904762,-17.5,-0.8333333333333334,0.125,0.2,2.5,0.50-0.75,0.10-0.20
16,1,15,6.25,-12.5,-0.78125,0.16666666666666666,0.2,2.5,0.50-0.75,0.20-0.30
37,7,30,18.91891891891892,-12.5,-0.33783783783783783,0.5833333333333334,0.2,2.5,0.50-0.75,0.30-0.50
59,10,49,16.94915254237288,-24.0,-0.4067796610169492,0.5102040816326531,0.2,2.5,0.50-0.75,0.50-0.75
138,25,113,18.115942028985508,-50.5,-0.36594202898550726,0.5530973451327433,0.2,2.5,0.50-0.75,>0.75
4,0,4,0.0,-4.0,-1.0,0.0,0.2,2.5,0.75-1.00,<=0.10
7,0,7,0.0,-7.0,-1.0,0.0,0.2,2.5,0.75-1.00,0.10-0.20
8,0,8,0.0,-8.0,-1.0,0.0,0.2,2.5,0.75-1.00,0.20-0.30
21,4,17,19.047619047619047,-7.0,-0.3333333333333333,0.5882352941176471,0.2,2.5,0.75-1.00,0.30-0.50
16,2,14,12.5,-9.0,-0.5625,0.35714285714285715,0.2,2.5,0.75-1.00,0.50-0.75
98,18,80,18.367346938775512,-35.0,-0.35714285714285715,0.5625,0.2,2.5,0.75-1.00,>0.75
1,0,1,0.0,-1.0,-1.0,0.0,0.2,2.5,1.00-1.50,<=0.10
4,0,4,0.0,-4.0,-1.0,0.0,0.2,2.5,1.00-1.50,0.10-0.20
7,1,6,14.285714285714285,-3.5,-0.5,0.4166666666666667,0.2,2.5,1.00-1.50,0.20-0.30
6,0,6,0.0,-6.0,-1.0,0.0,0.2,2.5,1.00-1.50,0.30-0.50
3,1,2,33.33333333333333,0.5,0.16666666666666666,1.25,0.2,2.5,1.00-1.50,0.50-0.75
65,16,49,24.615384615384617,-9.0,-0.13846153846153847,0.8163265306122449,0.2,2.5,1.00-1.50,>0.75
1,0,1,0.0,-1.0,-1.0,0.0,0.2,2.5,>1.50,0.10-0.20
1,0,1,0.0,-1.0,-1.0,0.0,0.2,2.5,>1.50,0.20-0.30
1,0,1,0.0,-1.0,-1.0,0.0,0.2,2.5,>1.50,0.30-0.50
16,5,11,31.25,1.5,0.09375,1.1363636363636365,0.2,2.5,>1.50,>0.75
8,0,8,0.0,-8.0,-1.0,0.0,0.2,3.0,<=0.25,<=0.10
51,1,50,1.9607843137254901,-47.0,-0.9215686274509803,0.06,0.2,3.0,<=0.25,0.10-0.20
100,6,94,6.0,-76.0,-0.76,0.19148936170212766,0.2,3.0,<=0.25,0.20-0.30
231,21,210,9.090909090909092,-147.0,-0.6363636363636364,0.3,0.2,3.0,<=0.25,0.30-0.50
206,34,172,16.50485436893204,-70.0,-0.33980582524271846,0.5930232558139535,0.2,3.0,<=0.25,0.50-0.75
143,26,117,18.181818181818183,-39.0,-0.2727272727272727,0.6666666666666666,0.2,3.0,<=0.25,>0.75
7,0,7,0.0,-7.0,-1.0,0.0,0.2,3.0,0.25-0.50,<=0.10
23,0,23,0.0,-23.0,-1.0,0.0,0.2,3.0,0.25-0.50,0.10-0.20
34,2,32,5.88235294117647,-26.0,-0.7647058823529411,0.1875,0.2,3.0,0.25-0.50,0.20-0.30
156,21,135,13.461538461538462,-72.0,-0.46153846153846156,0.4666666666666667,0.2,3.0,0.25-0.50,0.30-0.50
205,27,178,13.170731707317074,-97.0,-0.47317073170731705,0.4550561797752809,0.2,3.0,0.25-0.50,0.50-0.75
155,16,139,10.32258064516129,-91.0,-0.5870967741935483,0.34532374100719426,0.2,3.0,0.25-0.50,>0.75
4,0,4,0.0,-4.0,-1.0,0.0,0.2,3.0,0.50-0.75,<=0.10
21,1,20,4.761904761904762,-17.0,-0.8095238095238095,0.15,0.2,3.0,0.50-0.75,0.10-0.20
16,1,15,6.25,-12.0,-0.75,0.2,0.2,3.0,0.50-0.75,0.20-0.30
37,6,31,16.216216216216218,-13.0,-0.35135135135135137,0.5806451612903226,0.2,3.0,0.50-0.75,0.30-0.50
59,9,50,15.254237288135593,-23.0,-0.3898305084745763,0.54,0.2,3.0,0.50-0.75,0.50-0.75
138,22,116,15.942028985507244,-50.0,-0.36231884057971014,0.5689655172413793,0.2,3.0,0.50-0.75,>0.75
4,0,4,0.0,-4.0,-1.0,0.0,0.2,3.0,0.75-1.00,<=0.10
7,0,7,0.0,-7.0,-1.0,0.0,0.2,3.0,0.75-1.00,0.10-0.20
8,0,8,0.0,-8.0,-1.0,0.0,0.2,3.0,0.75-1.00,0.20-0.30
21,4,17,19.047619047619047,-5.0,-0.23809523809523808,0.7058823529411765,0.2,3.0,0.75-1.00,0.30-0.50
16,2,14,12.5,-8.0,-0.5,0.42857142857142855,0.2,3.0,0.75-1.00,0.50-0.75
98,14,84,14.285714285714285,-42.0,-0.42857142857142855,0.5,0.2,3.0,0.75-1.00,>0.75
1,0,1,0.0,-1.0,-1.0,0.0,0.2,3.0,1.00-1.50,<=0.10
4,0,4,0.0,-4.0,-1.0,0.0,0.2,3.0,1.00-1.50,0.10-0.20
7,1,6,14.285714285714285,-3.0,-0.42857142857142855,0.5,0.2,3.0,1.00-1.50,0.20-0.30
6,0,6,0.0,-6.0,-1.0,0.0,0.2,3.0,1.00-1.50,0.30-0.50
3,1,2,33.33333333333333,1.0,0.3333333333333333,1.5,0.2,3.0,1.00-1.50,0.50-0.75
65,16,49,24.615384615384617,-1.0,-0.015384615384615385,0.9795918367346939,0.2,3.0,1.00-1.50,>0.75
1,0,1,0.0,-1.0,-1.0,0.0,0.2,3.0,>1.50,0.10-0.20
1,0,1,0.0,-1.0,-1.0,0.0,0.2,3.0,>1.50,0.20-0.30
1,0,1,0.0,-1.0,-1.0,0.0,0.2,3.0,>1.50,0.30-0.50
16,2,14,12.5,-8.0,-0.5,0.42857142857142855,0.2,3.0,>1.50,>0.75
8,1,7,12.5,-6.25,-0.78125,0.10714285714285714,0.3,0.75,<=0.25,<=0.10
51,10,41,19.607843137254903,-33.5,-0.6568627450980392,0.18292682926829268,0.3,0.75,<=0.25,0.10-0.20
100,20,80,20.0,-65.0,-0.65,0.1875,0.3,0.75,<=0.25,0.20-0.30
231,65,166,28.13852813852814,-117.25,-0.5075757575757576,0.2936746987951807,0.3,0.75,<=0.25,0.30-0.50
206,81,125,39.32038834951456,-64.25,-0.3118932038834951,0.486,0.3,0.75,<=0.25,0.50-0.75
143,65,78,45.45454545454545,-29.25,-0.20454545454545456,0.625,0.3,0.75,<=0.25,>0.75
7,1,6,14.285714285714285,-5.25,-0.75,0.125,0.3,0.75,0.25-0.50,<=0.10
23,2,21,8.695652173913043,-19.5,-0.8478260869565217,0.07142857142857142,0.3,0.75,0.25-0.50,0.10-0.20
34,8,26,23.52941176470588,-20.0,-0.5882352941176471,0.23076923076923078,0.3,0.75,0.25-0.50,0.20-0.30
156,60,96,38.46153846153847,-51.0,-0.3269230769230769,0.46875,0.3,0.75,0.25-0.50,0.30-0.50
205,92,113,44.87804878048781,-44.0,-0.2146341463414634,0.6106194690265486,0.3,0.75,0.25-0.50,0.50-0.75
155,58,97,37.41935483870968,-53.5,-0.34516129032258064,0.4484536082474227,0.3,0.75,0.25-0.50,>0.75
4,0,4,0.0,-4.0,-1.0,0.0,0.3,0.75,0.50-0.75,<=0.10
21,3,18,14.285714285714285,-15.75,-0.75,0.125,0.3,0.75,0.50-0.75,0.10-0.20
16,4,12,25.0,-9.0,-0.5625,0.25,0.3,0.75,0.50-0.75,0.20-0.30
37,13,24,35.13513513513514,-14.25,-0.38513513513513514,0.40625,0.3,0.75,0.50-0.75,0.30-0.50
59,31,28,52.54237288135594,-4.75,-0.08050847457627118,0.8303571428571429,0.3,0.75,0.50-0.75,0.50-0.75
138,46,92,33.33333333333333,-57.5,-0.4166666666666667,0.375,0.3,0.75,0.50-0.75,>0.75
4,0,4,0.0,-4.0,-1.0,0.0,0.3,0.75,0.75-1.00,<=0.10
7,3,4,42.857142857142854,-1.75,-0.25,0.5625,0.3,0.75,0.75-1.00,0.10-0.20
8,0,8,0.0,-8.0,-1.0,0.0,0.3,0.75,0.75-1.00,0.20-0.30
21,7,14,33.33333333333333,-8.75,-0.4166666666666667,0.375,0.3,0.75,0.75-1.00,0.30-0.50
16,5,11,31.25,-7.25,-0.453125,0.3409090909090909,0.3,0.75,0.75-1.00,0.50-0.75
98,43,55,43.87755102040816,-22.75,-0.23214285714285715,0.5863636363636363,0.3,0.75,0.75-1.00,>0.75
1,0,1,0.0,-1.0,-1.0,0.0,0.3,0.75,1.00-1.50,<=0.10
4,1,3,25.0,-2.25,-0.5625,0.25,0.3,0.75,1.00-1.50,0.10-0.20
7,1,6,14.285714285714285,-5.25,-0.75,0.125,0.3,0.75,1.00-1.50,0.20-0.30
6,3,3,50.0,-0.75,-0.125,0.75,0.3,0.75,1.00-1.50,0.30-0.50
3,1,2,33.33333333333333,-1.25,-0.4166666666666667,0.375,0.3,0.75,1.00-1.50,0.50-0.75
65,34,31,52.307692307692314,-5.5,-0.08461538461538462,0.8225806451612904,0.3,0.75,1.00-1.50,>0.75
1,0,1,0.0,-1.0,-1.0,0.0,0.3,0.75,>1.50,0.10-0.20
1,1,0,100.0,0.75,0.75,inf,0.3,0.75,>1.50,0.20-0.30
1,0,1,0.0,-1.0,-1.0,0.0,0.3,0.75,>1.50,0.30-0.50
16,7,9,43.75,-3.75,-0.234375,0.5833333333333334,0.3,0.75,>1.50,>0.75
8,1,7,12.5,-6.0,-0.75,0.14285714285714285,0.3,1.0,<=0.25,<=0.10
51,7,44,13.725490196078432,-37.0,-0.7254901960784313,0.1590909090909091,0.3,1.0,<=0.25,0.10-0.20
100,20,80,20.0,-60.0,-0.6,0.25,0.3,1.0,<=0.25,0.20-0.30
231,58,173,25.108225108225106,-115.0,-0.49783549783549785,0.3352601156069364,0.3,1.0,<=0.25,0.30-0.50
206,72,134,34.95145631067961,-62.0,-0.30097087378640774,0.5373134328358209,0.3,1.0,<=0.25,0.50-0.75
143,55,88,38.46153846153847,-33.0,-0.23076923076923078,0.625,0.3,1.0,<=0.25,>0.75
7,1,6,14.285714285714285,-5.0,-0.7142857142857143,0.16666666666666666,0.3,1.0,0.25-0.50,<=0.10
23,2,21,8.695652173913043,-19.0,-0.8260869565217391,0.09523809523809523,0.3,1.0,0.25-0.50,0.10-0.20
34,4,30,11.76470588235294,-26.0,-0.7647058823529411,0.13333333333333333,0.3,1.0,0.25-0.50,0.20-0.30
156,51,105,32.69230769230769,-54.0,-0.34615384615384615,0.4857142857142857,0.3,1.0,0.25-0.50,0.30-0.50
205,76,129,37.073170731707314,-53.0,-0.25853658536585367,0.5891472868217055,0.3,1.0,0.25-0.50,0.50-0.75
155,51,104,32.903225806451616,-53.0,-0.3419354838709677,0.49038461538461536,0.3,1.0,0.25-0.50,>0.75
4,0,4,0.0,-4.0,-1.0,0.0,0.3,1.0,0.50-0.75,<=0.10
21,3,18,14.285714285714285,-15.0,-0.7142857142857143,0.16666666666666666,0.3,1.0,0.50-0.75,0.10-0.20
16,3,13,18.75,-10.0,-0.625,0.23076923076923078,0.3,1.0,0.50-0.75,0.20-0.30
37,10,27,27.027027027027028,-17.0,-0.4594594594594595,0.37037037037037035,0.3,1.0,0.50-0.75,0.30-0.50
59,30,29,50.847457627118644,1.0,0.01694915254237288,1.0344827586206897,0.3,1.0,0.50-0.75,0.50-0.75
138,42,96,30.434782608695656,-54.0,-0.391304347826087,0.4375,0.3,1.0,0.50-0.75,>0.75
4,0,4,0.0,-4.0,-1.0,0.0,0.3,1.0,0.75-1.00,<=0.10
7,3,4,42.857142857142854,-1.0,-0.14285714285714285,0.75,0.3,1.0,0.75-1.00,0.10-0.20
8,0,8,0.0,-8.0,-1.0,0.0,0.3,1.0,0.75-1.00,0.20-0.30
21,7,14,33.33333333333333,-7.0,-0.3333333333333333,0.5,0.3,1.0,0.75-1.00,0.30-0.50
16,5,11,31.25,-6.0,-0.375,0.45454545454545453,0.3,1.0,0.75-1.00,0.50-0.75
98,41,57,41.83673469387755,-16.0,-0.16326530612244897,0.7192982456140351,0.3,1.0,0.75-1.00,>0.75
1,0,1,0.0,-1.0,-1.0,0.0,0.3,1.0,1.00-1.50,<=0.10
4,1,3,25.0,-2.0,-0.5,0.3333333333333333,0.3,1.0,1.00-1.50,0.10-0.20
7,1,6,14.285714285714285,-5.0,-0.7142857142857143,0.16666666666666666,0.3,1.0,1.00-1.50,0.20-0.30
6,3,3,50.0,0.0,0.0,1.0,0.3,1.0,1.00-1.50,0.30-0.50
3,1,2,33.33333333333333,-1.0,-0.3333333333333333,0.5,0.3,1.0,1.00-1.50,0.50-0.75
65,29,36,44.61538461538462,-7.0,-0.1076923076923077,0.8055555555555556,0.3,1.0,1.00-1.50,>0.75
1,0,1,0.0,-1.0,-1.0,0.0,0.3,1.0,>1.50,0.10-0.20
1,0,1,0.0,-1.0,-1.0,0.0,0.3,1.0,>1.50,0.20-0.30
1,0,1,0.0,-1.0,-1.0,0.0,0.3,1.0,>1.50,0.30-0.50
16,7,9,43.75,-2.0,-0.125,0.7777777777777778,0.3,1.0,>1.50,>0.75
8,1,7,12.5,-5.75,-0.71875,0.17857142857142858,0.3,1.25,<=0.25,<=0.10
51,5,46,9.803921568627452,-39.75,-0.7794117647058824,0.1358695652173913,0.3,1.25,<=0.25,0.10-0.20
100,18,82,18.0,-59.5,-0.595,0.27439024390243905,0.3,1.25,<=0.25,0.20-0.30
231,52,179,22.51082251082251,-114.0,-0.4935064935064935,0.36312849162011174,0.3,1.25,<=0.25,0.30-0.50
206,64,142,31.06796116504854,-62.0,-0.30097087378640774,0.5633802816901409,0.3,1.25,<=0.25,0.50-0.75
143,47,96,32.86713286713287,-37.25,-0.26048951048951047,0.6119791666666666,0.3,1.25,<=0.25,>0.75
7,1,6,14.285714285714285,-4.75,-0.6785714285714286,0.20833333333333334,0.3,1.25,0.25-0.50,<=0.10
23,2,21,8.695652173913043,-18.5,-0.8043478260869565,0.11904761904761904,0.3,1.25,0.25-0.50,0.10-0.20
34,3,31,8.823529411764707,-27.25,-0.8014705882352942,0.12096774193548387,0.3,1.25,0.25-0.50,0.20-0.30
156,43,113,27.564102564102566,-59.25,-0.3798076923076923,0.4756637168141593,0.3,1.25,0.25-0.50,0.30-0.50
205,66,139,32.19512195121951,-56.5,-0.275609756097561,0.5935251798561151,0.3,1.25,0.25-0.50,0.50-0.75
155,43,112,27.741935483870968,-58.25,-0.3758064516129032,0.4799107142857143,0.3,1.25,0.25-0.50,>0.75
4,0,4,0.0,-4.0,-1.0,0.0,0.3,1.25,0.50-0.75,<=0.10
21,2,19,9.523809523809524,-16.5,-0.7857142857142857,0.13157894736842105,0.3,1.25,0.50-0.75,0.10-0.20
16,2,14,12.5,-11.5,-0.71875,0.17857142857142858,0.3,1.25,0.50-0.75,0.20-0.30
37,10,27,27.027027027027028,-14.5,-0.3918918918918919,0.46296296296296297,0.3,1.25,0.50-0.75,0.30-0.50
59,27,32,45.76271186440678,1.75,0.029661016949152543,1.0546875,0.3,1.25,0.50-0.75,0.50-0.75
138,41,97,29.71014492753623,-45.75,-0.33152173913043476,0.5283505154639175,0.3,1.25,0.50-0.75,>0.75
4,0,4,0.0,-4.0,-1.0,0.0,0.3,1.25,0.75-1.00,<=0.10
7,3,4,42.857142857142854,-0.25,-0.03571428571428571,0.9375,0.3,1.25,0.75-1.00,0.10-0.20
8,0,8,0.0,-8.0,-1.0,0.0,0.3,1.25,0.75-1.00,0.20-0.30
21,7,14,33.33333333333333,-5.25,-0.25,0.625,0.3,1.25,0.75-1.00,0.30-0.50
16,3,13,18.75,-9.25,-0.578125,0.28846153846153844,0.3,1.25,0.75-1.00,0.50-0.75
98,36,62,36.734693877551024,-17.0,-0.17346938775510204,0.7258064516129032,0.3,1.25,0.75-1.00,>0.75
1,0,1,0.0,-1.0,-1.0,0.0,0.3,1.25,1.00-1.50,<=0.10
4,1,3,25.0,-1.75,-0.4375,0.4166666666666667,0.3,1.25,1.00-1.50,0.10-0.20
7,1,6,14.285714285714285,-4.75,-0.6785714285714286,0.20833333333333334,0.3,1.25,1.00-1.50,0.20-0.30
6,3,3,50.0,0.75,0.125,1.25,0.3,1.25,1.00-1.50,0.30-0.50
3,1,2,33.33333333333333,-0.75,-0.25,0.625,0.3,1.25,1.00-1.50,0.50-0.75
65,26,39,40.0,-6.5,-0.1,0.8333333333333334,0.3,1.25,1.00-1.50,>0.75
1,0,1,0.0,-1.0,-1.0,0.0,0.3,1.25,>1.50,0.10-0.20
1,0,1,0.0,-1.0,-1.0,0.0,0.3,1.25,>1.50,0.20-0.30
1,0,1,0.0,-1.0,-1.0,0.0,0.3,1.25,>1.50,0.30-0.50
16,7,9,43.75,-0.25,-0.015625,0.9722222222222222,0.3,1.25,>1.50,>0.75
8,1,7,12.5,-5.5,-0.6875,0.21428571428571427,0.3,1.5,<=0.25,<=0.10
51,5,46,9.803921568627452,-38.5,-0.7549019607843137,0.16304347826086957,0.3,1.5,<=0.25,0.10-0.20
100,16,84,16.0,-60.0,-0.6,0.2857142857142857,0.3,1.5,<=0.25,0.20-0.30
231,39,192,16.883116883116884,-133.5,-0.577922077922078,0.3046875,0.3,1.5,<=0.25,0.30-0.50
206,59,147,28.640776699029125,-58.5,-0.28398058252427183,0.6020408163265306,0.3,1.5,<=0.25,0.50-0.75
143,47,96,32.86713286713287,-25.5,-0.17832167832167833,0.734375,0.3,1.5,<=0.25,>0.75
7,1,6,14.285714285714285,-4.5,-0.6428571428571429,0.25,0.3,1.5,0.25-0.50,<=0.10
23,2,21,8.695652173913043,-18.0,-0.782608695652174,0.14285714285714285,0.3,1.5,0.25-0.50,0.10-0.20
34,3,31,8.823529411764707,-26.5,-0.7794117647058824,0.14516129032258066,0.3,1.5,0.25-0.50,0.20-0.30
156,40,116,25.64102564102564,-56.0,-0.358974358974359,0.5172413793103449,0.3,1.5,0.25-0.50,0.30-0.50
205,56,149,27.31707317073171,-65.0,-0.3170731707317073,0.5637583892617449,0.3,1.5,0.25-0.50,0.50-0.75
155,38,117,24.516129032258064,-60.0,-0.3870967741935484,0.48717948717948717,0.3,1.5,0.25-0.50,>0.75
4,0,4,0.0,-4.0,-1.0,0.0,0.3,1.5,0.50-0.75,<=0.10
21,2,19,9.523809523809524,-16.0,-0.7619047619047619,0.15789473684210525,0.3,1.5,0.50-0.75,0.10-0.20
16,2,14,12.5,-11.0,-0.6875,0.21428571428571427,0.3,1.5,0.50-0.75,0.20-0.30
37,10,27,27.027027027027028,-12.0,-0.32432432432432434,0.5555555555555556,0.3,1.5,0.50-0.75,0.30-0.50
59,24,35,40.67796610169492,1.0,0.01694915254237288,1.0285714285714285,0.3,1.5,0.50-0.75,0.50-0.75
138,37,101,26.811594202898554,-45.5,-0.32971014492753625,0.5495049504950495,0.3,1.5,0.50-0.75,>0.75
4,0,4,0.0,-4.0,-1.0,0.0,0.3,1.5,0.75-1.00,<=0.10
7,3,4,42.857142857142854,0.5,0.07142857142857142,1.125,0.3,1.5,0.75-1.00,0.10-0.20
8,0,8,0.0,-8.0,-1.0,0.0,0.3,1.5,0.75-1.00,0.20-0.30
21,7,14,33.33333333333333,-3.5,-0.16666666666666666,0.75,0.3,1.5,0.75-1.00,0.30-0.50
16,3,13,18.75,-8.5,-0.53125,0.34615384615384615,0.3,1.5,0.75-1.00,0.50-0.75
98,30,68,30.612244897959183,-23.0,-0.23469387755102042,0.6617647058823529,0.3,1.5,0.75-1.00,>0.75
1,0,1,0.0,-1.0,-1.0,0.0,0.3,1.5,1.00-1.50,<=0.10
4,1,3,25.0,-1.5,-0.375,0.5,0.3,1.5,1.00-1.50,0.10-0.20
7,1,6,14.285714285714285,-4.5,-0.6428571428571429,0.25,0.3,1.5,1.00-1.50,0.20-0.30
6,2,4,33.33333333333333,-1.0,-0.16666666666666666,0.75,0.3,1.5,1.00-1.50,0.30-0.50
3,1,2,33.33333333333333,-0.5,-0.16666666666666666,0.75,0.3,1.5,1.00-1.50,0.50-0.75
65,25,40,38.46153846153847,-2.5,-0.038461538461538464,0.9375,0.3,1.5,1.00-1.50,>0.75
1,0,1,0.0,-1.0,-1.0,0.0,0.3,1.5,>1.50,0.10-0.20
1,0,1,0.0,-1.0,-1.0,0.0,0.3,1.5,>1.50,0.20-0.30
1,0,1,0.0,-1.0,-1.0,0.0,0.3,1.5,>1.50,0.30-0.50
16,6,10,37.5,-1.0,-0.0625,0.9,0.3,1.5,>1.50,>0.75
8,0,8,0.0,-8.0,-1.0,0.0,0.3,2.0,<=0.25,<=0.10
51,4,47,7.8431372549019605,-39.0,-0.7647058823529411,0.1702127659574468,0.3,2.0,<=0.25,0.10-0.20
100,14,86,14.000000000000002,-58.0,-0.58,0.32558139534883723,0.3,2.0,<=0.25,0.20-0.30
231,34,197,14.71861471861472,-129.0,-0.5584415584415584,0.34517766497461927,0.3,2.0,<=0.25,0.30-0.50
206,44,162,21.35922330097087,-74.0,-0.3592233009708738,0.5432098765432098,0.3,2.0,<=0.25,0.50-0.75
143,36,107,25.174825174825177,-35.0,-0.24475524475524477,0.6728971962616822,0.3,2.0,<=0.25,>0.75
7,0,7,0.0,-7.0,-1.0,0.0,0.3,2.0,0.25-0.50,<=0.10
23,2,21,8.695652173913043,-17.0,-0.7391304347826086,0.19047619047619047,0.3,2.0,0.25-0.50,0.10-0.20
34,2,32,5.88235294117647,-28.0,-0.8235294117647058,0.125,0.3,2.0,0.25-0.50,0.20-0.30
156,33,123,21.153846153846153,-57.0,-0.36538461538461536,0.5365853658536586,0.3,2.0,0.25-0.50,0.30-0.50
205,48,157,23.414634146341466,-61.0,-0.2975609756097561,0.6114649681528662,0.3,2.0,0.25-0.50,0.50-0.75
155,28,127,18.064516129032256,-71.0,-0.45806451612903226,0.4409448818897638,0.3,2.0,0.25-0.50,>0.75
4,0,4,0.0,-4.0,-1.0,0.0,0.3,2.0,0.50-0.75,<=0.10
21,1,20,4.761904761904762,-18.0,-0.8571428571428571,0.1,0.3,2.0,0.50-0.75,0.10-0.20
16,2,14,12.5,-10.0,-0.625,0.2857142857142857,0.3,2.0,0.50-0.75,0.20-0.30
37,8,29,21.62162162162162,-13.0,-0.35135135135135137,0.5517241379310345,0.3,2.0,0.50-0.75,0.30-0.50
59,18,41,30.508474576271187,-5.0,-0.0847457627118644,0.8780487804878049,0.3,2.0,0.50-0.75,0.50-0.75
138,27,111,19.565217391304348,-57.0,-0.41304347826086957,0.4864864864864865,0.3,2.0,0.50-0.75,>0.75
4,0,4,0.0,-4.0,-1.0,0.0,0.3,2.0,0.75-1.00,<=0.10
7,3,4,42.857142857142854,2.0,0.2857142857142857,1.5,0.3,2.0,0.75-1.00,0.10-0.20
8,0,8,0.0,-8.0,-1.0,0.0,0.3,2.0,0.75-1.00,0.20-0.30
21,7,14,33.33333333333333,0.0,0.0,1.0,0.3,2.0,0.75-1.00,0.30-0.50
16,3,13,18.75,-7.0,-0.4375,0.46153846153846156,0.3,2.0,0.75-1.00,0.50-0.75
98,26,72,26.53061224489796,-20.0,-0.20408163265306123,0.7222222222222222,0.3,2.0,0.75-1.00,>0.75
1,0,1,0.0,-1.0,-1.0,0.0,0.3,2.0,1.00-1.50,<=0.10
4,1,3,25.0,-1.0,-0.25,0.6666666666666666,0.3,2.0,1.00-1.50,0.10-0.20
7,1,6,14.285714285714285,-4.0,-0.5714285714285714,0.3333333333333333,0.3,2.0,1.00-1.50,0.20-0.30
6,2,4,33.33333333333333,0.0,0.0,1.0,0.3,2.0,1.00-1.50,0.30-0.50
3,1,2,33.33333333333333,0.0,0.0,1.0,0.3,2.0,1.00-1.50,0.50-0.75
65,22,43,33.84615384615385,1.0,0.015384615384615385,1.0232558139534884,0.3,2.0,1.00-1.50,>0.75
1,0,1,0.0,-1.0,-1.0,0.0,0.3,2.0,>1.50,0.10-0.20
1,0,1,0.0,-1.0,-1.0,0.0,0.3,2.0,>1.50,0.20-0.30
1,0,1,0.0,-1.0,-1.0,0.0,0.3,2.0,>1.50,0.30-0.50
16,5,11,31.25,-1.0,-0.0625,0.9090909090909091,0.3,2.0,>1.50,>0.75
8,0,8,0.0,-8.0,-1.0,0.0,0.3,2.5,<=0.25,<=0.10
51,4,47,7.8431372549019605,-37.0,-0.7254901960784313,0.2127659574468085,0.3,2.5,<=0.25,0.10-0.20
100,12,88,12.0,-58.0,-0.58,0.3409090909090909,0.3,2.5,<=0.25,0.20-0.30
231,31,200,13.41991341991342,-122.5,-0.5303030303030303,0.3875,0.3,2.5,<=0.25,0.30-0.50
206,41,165,19.902912621359224,-62.5,-0.30339805825242716,0.6212121212121212,0.3,2.5,<=0.25,0.50-0.75
143,34,109,23.776223776223777,-24.0,-0.16783216783216784,0.7798165137614679,0.3,2.5,<=0.25,>0.75
7,0,7,0.0,-7.0,-1.0,0.0,0.3,2.5,0.25-0.50,<=0.10
23,2,21,8.695652173913043,-16.0,-0.6956521739130435,0.23809523809523808,0.3,2.5,0.25-0.50,0.10-0.20
34,2,32,5.88235294117647,-27.0,-0.7941176470588235,0.15625,0.3,2.5,0.25-0.50,0.20-0.30
156,32,124,20.51282051282051,-44.0,-0.28205128205128205,0.6451612903225806,0.3,2.5,0.25-0.50,0.30-0.50
205,44,161,21.463414634146343,-51.0,-0.24878048780487805,0.6832298136645962,0.3,2.5,0.25-0.50,0.50-0.75
155,25,130,16.129032258064516,-67.5,-0.43548387096774194,0.4807692307692308,0.3,2.5,0.25-0.50,>0.75
4,0,4,0.0,-4.0,-1.0,0.0,0.3,2.5,0.50-0.75,<=0.10
21,1,20,4.761904761904762,-17.5,-0.8333333333333334,0.125,0.3,2.5,0.50-0.75,0.10-0.20
16,2,14,12.5,-9.0,-0.5625,0.35714285714285715,0.3,2.5,0.50-0.75,0.20-0.30
37,6,31,16.216216216216218,-16.0,-0.43243243243243246,0.4838709677419355,0.3,2.5,0.50-0.75,0.30-0.50
59,15,44,25.423728813559322,-6.5,-0.11016949152542373,0.8522727272727273,0.3,2.5,0.50-0.75,0.50-0.75
138,24,114,17.391304347826086,-54.0,-0.391304347826087,0.5263157894736842,0.3,2.5,0.50-0.75,>0.75
4,0,4,0.0,-4.0,-1.0,0.0,0.3,2.5,0.75-1.00,<=0.10
7,2,5,28.57142857142857,0.0,0.0,1.0,0.3,2.5,0.75-1.00,0.10-0.20
8,0,8,0.0,-8.0,-1.0,0.0,0.3,2.5,0.75-1.00,0.20-0.30
21,7,14,33.33333333333333,3.5,0.16666666666666666,1.25,0.3,2.5,0.75-1.00,0.30-0.50
16,3,13,18.75,-5.5,-0.34375,0.5769230769230769,0.3,2.5,0.75-1.00,0.50-0.75
98,19,79,19.387755102040817,-31.5,-0.32142857142857145,0.6012658227848101,0.3,2.5,0.75-1.00,>0.75
1,0,1,0.0,-1.0,-1.0,0.0,0.3,2.5,1.00-1.50,<=0.10
4,1,3,25.0,-0.5,-0.125,0.8333333333333334,0.3,2.5,1.00-1.50,0.10-0.20
7,1,6,14.285714285714285,-3.5,-0.5,0.4166666666666667,0.3,2.5,1.00-1.50,0.20-0.30
6,2,4,33.33333333333333,1.0,0.16666666666666666,1.25,0.3,2.5,1.00-1.50,0.30-0.50
3,1,2,33.33333333333333,0.5,0.16666666666666666,1.25,0.3,2.5,1.00-1.50,0.50-0.75
65,20,45,30.76923076923077,5.0,0.07692307692307693,1.1111111111111112,0.3,2.5,1.00-1.50,>0.75
1,0,1,0.0,-1.0,-1.0,0.0,0.3,2.5,>1.50,0.10-0.20
1,0,1,0.0,-1.0,-1.0,0.0,0.3,2.5,>1.50,0.20-0.30
1,0,1,0.0,-1.0,-1.0,0.0,0.3,2.5,>1.50,0.30-0.50
16,5,11,31.25,1.5,0.09375,1.1363636363636365,0.3,2.5,>1.50,>0.75
8,0,8,0.0,-8.0,-1.0,0.0,0.3,3.0,<=0.25,<=0.10
51,4,47,7.8431372549019605,-35.0,-0.6862745098039216,0.2553191489361702,0.3,3.0,<=0.25,0.10-0.20
100,11,89,11.0,-56.0,-0.56,0.3707865168539326,0.3,3.0,<=0.25,0.20-0.30
231,26,205,11.255411255411255,-127.0,-0.5497835497835498,0.3804878048780488,0.3,3.0,<=0.25,0.30-0.50
206,36,170,17.475728155339805,-62.0,-0.30097087378640774,0.6352941176470588,0.3,3.0,<=0.25,0.50-0.75
143,29,114,20.27972027972028,-27.0,-0.1888111888111888,0.7631578947368421,0.3,3.0,<=0.25,>0.75
7,0,7,0.0,-7.0,-1.0,0.0,0.3,3.0,0.25-0.50,<=0.10
23,2,21,8.695652173913043,-15.0,-0.6521739130434783,0.2857142857142857,0.3,3.0,0.25-0.50,0.10-0.20
34,2,32,5.88235294117647,-26.0,-0.7647058823529411,0.1875,0.3,3.0,0.25-0.50,0.20-0.30
156,28,128,17.94871794871795,-44.0,-0.28205128205128205,0.65625,0.3,3.0,0.25-0.50,0.30-0.50
205,39,166,19.024390243902438,-49.0,-0.23902439024390243,0.7048192771084337,0.3,3.0,0.25-0.50,0.50-0.75
155,18,137,11.612903225806452,-83.0,-0.535483870967742,0.39416058394160586,0.3,3.0,0.25-0.50,>0.75
4,0,4,0.0,-4.0,-1.0,0.0,0.3,3.0,0.50-0.75,<=0.10
21,1,20,4.761904761904762,-17.0,-0.8095238095238095,0.15,0.3,3.0,0.50-0.75,0.10-0.20
16,2,14,12.5,-8.0,-0.5,0.42857142857142855,0.3,3.0,0.50-0.75,0.20-0.30
37,6,31,16.216216216216218,-13.0,-0.35135135135135137,0.5806451612903226,0.3,3.0,0.50-0.75,0.30-0.50
59,15,44,25.423728813559322,1.0,0.01694915254237288,1.0227272727272727,0.3,3.0,0.50-0.75,0.50-0.75
138,21,117,15.217391304347828,-54.0,-0.391304347826087,0.5384615384615384,0.3,3.0,0.50-0.75,>0.75
4,0,4,0.0,-4.0,-1.0,0.0,0.3,3.0,0.75-1.00,<=0.10
7,2,5,28.57142857142857,1.0,0.14285714285714285,1.2,0.3,3.0,0.75-1.00,0.10-0.20
8,0,8,0.0,-8.0,-1.0,0.0,0.3,3.0,0.75-1.00,0.20-0.30
21,5,16,23.809523809523807,-1.0,-0.047619047619047616,0.9375,0.3,3.0,0.75-1.00,0.30-0.50
16,2,14,12.5,-8.0,-0.5,0.42857142857142855,0.3,3.0,0.75-1.00,0.50-0.75
98,17,81,17.346938775510203,-30.0,-0.30612244897959184,0.6296296296296297,0.3,3.0,0.75-1.00,>0.75
1,0,1,0.0,-1.0,-1.0,0.0,0.3,3.0,1.00-1.50,<=0.10
4,1,3,25.0,0.0,0.0,1.0,0.3,3.0,1.00-1.50,0.10-0.20
7,1,6,14.285714285714285,-3.0,-0.42857142857142855,0.5,0.3,3.0,1.00-1.50,0.20-0.30
6,2,4,33.33333333333333,2.0,0.3333333333333333,1.5,0.3,3.0,1.00-1.50,0.30-0.50
3,1,2,33.33333333333333,1.0,0.3333333333333333,1.5,0.3,3.0,1.00-1.50,0.50-0.75
65,19,46,29.230769230769234,11.0,0.16923076923076924,1.2391304347826086,0.3,3.0,1.00-1.50,>0.75
1,0,1,0.0,-1.0,-1.0,0.0,0.3,3.0,>1.50,0.10-0.20
1,0,1,0.0,-1.0,-1.0,0.0,0.3,3.0,>1.50,0.20-0.30
1,0,1,0.0,-1.0,-1.0,0.0,0.3,3.0,>1.50,0.30-0.50
16,2,14,12.5,-8.0,-0.5,0.42857142857142855,0.3,3.0,>1.50,>0.75
8,3,5,37.5,-2.75,-0.34375,0.45,0.5,0.75,<=0.25,<=0.10
51,11,40,21.568627450980394,-31.75,-0.6225490196078431,0.20625,0.5,0.75,<=0.25,0.10-0.20
100,40,60,40.0,-30.0,-0.3,0.5,0.5,0.75,<=0.25,0.20-0.30
231,117,114,50.649350649350644,-26.25,-0.11363636363636363,0.7697368421052632,0.5,0.75,<=0.25,0.30-0.50
206,106,100,51.45631067961165,-20.5,-0.09951456310679611,0.795,0.5,0.75,<=0.25,0.50-0.75
143,72,71,50.349650349650354,-17.0,-0.11888111888111888,0.7605633802816901,0.5,0.75,<=0.25,>0.75
7,3,4,42.857142857142854,-1.75,-0.25,0.5625,0.5,0.75,0.25-0.50,<=0.10
23,8,15,34.78260869565217,-9.0,-0.391304347826087,0.4,0.5,0.75,0.25-0.50,0.10-0.20
34,8,26,23.52941176470588,-20.0,-0.5882352941176471,0.23076923076923078,0.5,0.75,0.25-0.50,0.20-0.30
156,80,76,51.28205128205128,-16.0,-0.10256410256410256,0.7894736842105263,0.5,0.75,0.25-0.50,0.30-0.50
205,102,103,49.75609756097561,-26.5,-0.12926829268292683,0.7427184466019418,0.5,0.75,0.25-0.50,0.50-0.75
155,67,88,43.225806451612904,-37.75,-0.2435483870967742,0.5710227272727273,0.5,0.75,0.25-0.50,>0.75
4,0,4,0.0,-4.0,-1.0,0.0,0.5,0.75,0.50-0.75,<=0.10
21,5,16,23.809523809523807,-12.25,-0.5833333333333334,0.234375,0.5,0.75,0.50-0.75,0.10-0.20
16,5,11,31.25,-7.25,-0.453125,0.3409090909090909,0.5,0.75,0.50-0.75,0.20-0.30
37,12,25,32.432432432432435,-16.0,-0.43243243243243246,0.36,0.5,0.75,0.50-0.75,0.30-0.50
59,34,25,57.6271186440678,0.5,0.00847457627118644,1.02,0.5,0.75,0.50-0.75,0.50-0.75
138,61,77,44.20289855072464,-31.25,-0.22644927536231885,0.5941558441558441,0.5,0.75,0.50-0.75,>0.75
4,0,4,0.0,-4.0,-1.0,0.0,0.5,0.75,0.75-1.00,<=0.10
7,4,3,57.14285714285714,0.0,0.0,1.0,0.5,0.75,0.75-1.00,0.10-0.20
8,4,4,50.0,-1.0,-0.125,0.75,0.5,0.75,0.75-1.00,0.20-0.30
21,13,8,61.904761904761905,1.75,0.08333333333333333,1.21875,0.5,0.75,0.75-1.00,0.30-0.50
16,8,8,50.0,-2.0,-0.125,0.75,0.5,0.75,0.75-1.00,0.50-0.75
98,48,50,48.97959183673469,-14.0,-0.14285714285714285,0.72,0.5,0.75,0.75-1.00,>0.75
1,0,1,0.0,-1.0,-1.0,0.0,0.5,0.75,1.00-1.50,<=0.10
4,3,1,75.0,1.25,0.3125,2.25,0.5,0.75,1.00-1.50,0.10-0.20
7,2,5,28.57142857142857,-3.5,-0.5,0.3,0.5,0.75,1.00-1.50,0.20-0.30
6,5,1,83.33333333333334,2.75,0.4583333333333333,3.75,0.5,0.75,1.00-1.50,0.30-0.50
3,2,1,66.66666666666666,0.5,0.16666666666666666,1.5,0.5,0.75,1.00-1.50,0.50-0.75
65,37,28,56.92307692307692,-0.25,-0.0038461538461538464,0.9910714285714286,0.5,0.75,1.00-1.50,>0.75
1,0,1,0.0,-1.0,-1.0,0.0,0.5,0.75,>1.50,0.10-0.20
1,1,0,100.0,0.75,0.75,inf,0.5,0.75,>1.50,0.20-0.30
1,1,0,100.0,0.75,0.75,inf,0.5,0.75,>1.50,0.30-0.50
16,7,9,43.75,-3.75,-0.234375,0.5833333333333334,0.5,0.75,>1.50,>0.75
8,3,5,37.5,-2.0,-0.25,0.6,0.5,1.0,<=0.25,<=0.10
51,8,43,15.686274509803921,-35.0,-0.6862745098039216,0.18604651162790697,0.5,1.0,<=0.25,0.10-0.20
100,35,65,35.0,-30.0,-0.3,0.5384615384615384,0.5,1.0,<=0.25,0.20-0.30
231,103,128,44.58874458874459,-25.0,-0.10822510822510822,0.8046875,0.5,1.0,<=0.25,0.30-0.50
206,98,108,47.57281553398058,-10.0,-0.04854368932038835,0.9074074074074074,0.5,1.0,<=0.25,0.50-0.75
143,59,84,41.25874125874126,-25.0,-0.17482517482517482,0.7023809523809523,0.5,1.0,<=0.25,>0.75
7,3,4,42.857142857142854,-1.0,-0.14285714285714285,0.75,0.5,1.0,0.25-0.50,<=0.10
23,8,15,34.78260869565217,-7.0,-0.30434782608695654,0.5333333333333333,0.5,1.0,0.25-0.50,0.10-0.20
34,5,29,14.705882352941178,-24.0,-0.7058823529411765,0.1724137931034483,0.5,1.0,0.25-0.50,0.20-0.30
156,66,90,42.30769230769231,-24.0,-0.15384615384615385,0.7333333333333333,0.5,1.0,0.25-0.50,0.30-0.50
205,90,115,43.90243902439025,-25.0,-0.12195121951219512,0.782608695652174,0.5,1.0,0.25-0.50,0.50-0.75
155,57,98,36.774193548387096,-41.0,-0.2645161290322581,0.5816326530612245,0.5,1.0,0.25-0.50,>0.75
4,0,4,0.0,-4.0,-1.0,0.0,0.5,1.0,0.50-0.75,<=0.10
21,4,17,19.047619047619047,-13.0,-0.6190476190476191,0.23529411764705882,0.5,1.0,0.50-0.75,0.10-0.20
16,4,12,25.0,-8.0,-0.5,0.3333333333333333,0.5,1.0,0.50-0.75,0.20-0.30
37,12,25,32.432432432432435,-13.0,-0.35135135135135137,0.48,0.5,1.0,0.50-0.75,0.30-0.50
59,33,26,55.932203389830505,7.0,0.11864406779661017,1.2692307692307692,0.5,1.0,0.50-0.75,0.50-0.75
138,55,83,39.85507246376812,-28.0,-0.2028985507246377,0.6626506024096386,0.5,1.0,0.50-0.75,>0.75
4,0,4,0.0,-4.0,-1.0,0.0,0.5,1.0,0.75-1.00,<=0.10
7,3,4,42.857142857142854,-1.0,-0.14285714285714285,0.75,0.5,1.0,0.75-1.00,0.10-0.20
8,2,6,25.0,-4.0,-0.5,0.3333333333333333,0.5,1.0,0.75-1.00,0.20-0.30
21,13,8,61.904761904761905,5.0,0.23809523809523808,1.625,0.5,1.0,0.75-1.00,0.30-0.50
16,6,10,37.5,-4.0,-0.25,0.6,0.5,1.0,0.75-1.00,0.50-0.75
98,45,53,45.91836734693878,-8.0,-0.08163265306122448,0.8490566037735849,0.5,1.0,0.75-1.00,>0.75
1,0,1,0.0,-1.0,-1.0,0.0,0.5,1.0,1.00-1.50,<=0.10
4,3,1,75.0,2.0,0.5,3.0,0.5,1.0,1.00-1.50,0.10-0.20
7,2,5,28.57142857142857,-3.0,-0.42857142857142855,0.4,0.5,1.0,1.00-1.50,0.20-0.30
6,5,1,83.33333333333334,4.0,0.6666666666666666,5.0,0.5,1.0,1.00-1.50,0.30-0.50
3,2,1,66.66666666666666,1.0,0.3333333333333333,2.0,0.5,1.0,1.00-1.50,0.50-0.75
65,32,33,49.23076923076923,-1.0,-0.015384615384615385,0.9696969696969697,0.5,1.0,1.00-1.50,>0.75
1,0,1,0.0,-1.0,-1.0,0.0,0.5,1.0,>1.50,0.10-0.20
1,1,0,100.0,1.0,1.0,inf,0.5,1.0,>1.50,0.20-0.30
1,1,0,100.0,1.0,1.0,inf,0.5,1.0,>1.50,0.30-0.50
16,7,9,43.75,-2.0,-0.125,0.7777777777777778,0.5,1.0,>1.50,>0.75
8,0,8,0.0,-8.0,-1.0,0.0,0.5,1.25,<=0.25,<=0.10
51,7,44,13.725490196078432,-35.25,-0.6911764705882353,0.19886363636363635,0.5,1.25,<=0.25,0.10-0.20
100,32,68,32.0,-28.0,-0.28,0.5882352941176471,0.5,1.25,<=0.25,0.20-0.30
231,87,144,37.66233766233766,-35.25,-0.1525974025974026,0.7552083333333334,0.5,1.25,<=0.25,0.30-0.50
206,90,116,43.689320388349515,-3.5,-0.01699029126213592,0.9698275862068966,0.5,1.25,<=0.25,0.50-0.75
143,56,87,39.16083916083916,-17.0,-0.11888111888111888,0.8045977011494253,0.5,1.25,<=0.25,>0.75
7,3,4,42.857142857142854,-0.25,-0.03571428571428571,0.9375,0.5,1.25,0.25-0.50,<=0.10
23,6,17,26.08695652173913,-9.5,-0.41304347826086957,0.4411764705882353,0.5,1.25,0.25-0.50,0.10-0.20
34,5,29,14.705882352941178,-22.75,-0.6691176470588235,0.21551724137931033,0.5,1.25,0.25-0.50,0.20-0.30
156,62,94,39.743589743589745,-16.5,-0.10576923076923077,0.824468085106383,0.5,1.25,0.25-0.50,0.30-0.50
205,71,134,34.63414634146341,-45.25,-0.22073170731707317,0.6623134328358209,0.5,1.25,0.25-0.50,0.50-0.75
155,48,107,30.967741935483872,-47.0,-0.3032258064516129,0.5607476635514018,0.5,1.25,0.25-0.50,>0.75
4,0,4,0.0,-4.0,-1.0,0.0,0.5,1.25,0.50-0.75,<=0.10
21,3,18,14.285714285714285,-14.25,-0.6785714285714286,0.20833333333333334,0.5,1.25,0.50-0.75,0.10-0.20
16,3,13,18.75,-9.25,-0.578125,0.28846153846153844,0.5,1.25,0.50-0.75,0.20-0.30
37,12,25,32.432432432432435,-10.0,-0.2702702702702703,0.6,0.5,1.25,0.50-0.75,0.30-0.50
59,28,31,47.45762711864407,4.0,0.06779661016949153,1.1290322580645162,0.5,1.25,0.50-0.75,0.50-0.75
138,50,88,36.231884057971016,-25.5,-0.18478260869565216,0.7102272727272727,0.5,1.25,0.50-0.75,>0.75
4,0,4,0.0,-4.0,-1.0,0.0,0.5,1.25,0.75-1.00,<=0.10
7,3,4,42.857142857142854,-0.25,-0.03571428571428571,0.9375,0.5,1.25,0.75-1.00,0.10-0.20
8,1,7,12.5,-5.75,-0.71875,0.17857142857142858,0.5,1.25,0.75-1.00,0.20-0.30
21,10,11,47.61904761904761,1.5,0.07142857142857142,1.1363636363636365,0.5,1.25,0.75-1.00,0.30-0.50
16,6,10,37.5,-2.5,-0.15625,0.75,0.5,1.25,0.75-1.00,0.50-0.75
98,38,60,38.775510204081634,-12.5,-0.12755102040816327,0.7916666666666666,0.5,1.25,0.75-1.00,>0.75
1,0,1,0.0,-1.0,-1.0,0.0,0.5,1.25,1.00-1.50,<=0.10
4,3,1,75.0,2.75,0.6875,3.75,0.5,1.25,1.00-1.50,0.10-0.20
7,2,5,28.57142857142857,-2.5,-0.35714285714285715,0.5,0.5,1.25,1.00-1.50,0.20-0.30
6,4,2,66.66666666666666,3.0,0.5,2.5,0.5,1.25,1.00-1.50,0.30-0.50
3,2,1,66.66666666666666,1.5,0.5,2.5,0.5,1.25,1.00-1.50,0.50-0.75
65,27,38,41.53846153846154,-4.25,-0.06538461538461539,0.8881578947368421,0.5,1.25,1.00-1.50,>0.75
1,0,1,0.0,-1.0,-1.0,0.0,0.5,1.25,>1.50,0.10-0.20
1,1,0,100.0,1.25,1.25,inf,0.5,1.25,>1.50,0.20-0.30
1,1,0,100.0,1.25,1.25,inf,0.5,1.25,>1.50,0.30-0.50
16,7,9,43.75,-0.25,-0.015625,0.9722222222222222,0.5,1.25,>1.50,>0.75
8,0,8,0.0,-8.0,-1.0,0.0,0.5,1.5,<=0.25,<=0.10
51,7,44,13.725490196078432,-33.5,-0.6568627450980392,0.23863636363636365,0.5,1.5,<=0.25,0.10-0.20
100,27,73,27.0,-32.5,-0.325,0.5547945205479452,0.5,1.5,<=0.25,0.20-0.30
231,82,149,35.4978354978355,-26.0,-0.11255411255411256,0.825503355704698,0.5,1.5,<=0.25,0.30-0.50
206,75,131,36.407766990291265,-18.5,-0.08980582524271845,0.8587786259541985,0.5,1.5,<=0.25,0.50-0.75
143,49,94,34.26573426573427,-20.5,-0.14335664335664336,0.7819148936170213,0.5,1.5,<=0.25,>0.75
7,2,5,28.57142857142857,-2.0,-0.2857142857142857,0.6,0.5,1.5,0.25-0.50,<=0.10
23,4,19,17.391304347826086,-13.0,-0.5652173913043478,0.3157894736842105,0.5,1.5,0.25-0.50,0.10-0.20
34,4,30,11.76470588235294,-24.0,-0.7058823529411765,0.2,0.5,1.5,0.25-0.50,0.20-0.30
156,56,100,35.8974358974359,-16.0,-0.10256410256410256,0.84,0.5,1.5,0.25-0.50,0.30-0.50
205,66,139,32.19512195121951,-40.0,-0.1951219512195122,0.7122302158273381,0.5,1.5,0.25-0.50,0.50-0.75
155,45,110,29.03225806451613,-42.5,-0.27419354838709675,0.6136363636363636,0.5,1.5,0.25-0.50,>0.75
4,0,4,0.0,-4.0,-1.0,0.0,0.5,1.5,0.50-0.75,<=0.10
21,3,18,14.285714285714285,-13.5,-0.6428571428571429,0.25,0.5,1.5,0.50-0.75,0.10-0.20
16,3,13,18.75,-8.5,-0.53125,0.34615384615384615,0.5,1.5,0.50-0.75,0.20-0.30
37,10,27,27.027027027027028,-12.0,-0.32432432432432434,0.5555555555555556,0.5,1.5,0.50-0.75,0.30-0.50
59,23,36,38.983050847457626,-1.5,-0.025423728813559324,0.9583333333333334,0.5,1.5,0.50-0.75,0.50-0.75
138,45,93,32.608695652173914,-25.5,-0.18478260869565216,0.7258064516129032,0.5,1.5,0.50-0.75,>0.75
4,0,4,0.0,-4.0,-1.0,0.0,0.5,1.5,0.75-1.00,<=0.10
7,3,4,42.857142857142854,0.5,0.07142857142857142,1.125,0.5,1.5,0.75-1.00,0.10-0.20
8,1,7,12.5,-5.5,-0.6875,0.21428571428571427,0.5,1.5,0.75-1.00,0.20-0.30
21,10,11,47.61904761904761,4.0,0.19047619047619047,1.3636363636363635,0.5,1.5,0.75-1.00,0.30-0.50
16,6,10,37.5,-1.0,-0.0625,0.9,0.5,1.5,0.75-1.00,0.50-0.75
98,35,63,35.714285714285715,-10.5,-0.10714285714285714,0.8333333333333334,0.5,1.5,0.75-1.00,>0.75
1,0,1,0.0,-1.0,-1.0,0.0,0.5,1.5,1.00-1.50,<=0.10
4,3,1,75.0,3.5,0.875,4.5,0.5,1.5,1.00-1.50,0.10-0.20
7,2,5,28.57142857142857,-2.0,-0.2857142857142857,0.6,0.5,1.5,1.00-1.50,0.20-0.30
6,4,2,66.66666666666666,4.0,0.6666666666666666,3.0,0.5,1.5,1.00-1.50,0.30-0.50
3,2,1,66.66666666666666,2.0,0.6666666666666666,3.0,0.5,1.5,1.00-1.50,0.50-0.75
65,27,38,41.53846153846154,2.5,0.038461538461538464,1.0657894736842106,0.5,1.5,1.00-1.50,>0.75
1,0,1,0.0,-1.0,-1.0,0.0,0.5,1.5,>1.50,0.10-0.20
1,1,0,100.0,1.5,1.5,inf,0.5,1.5,>1.50,0.20-0.30
1,1,0,100.0,1.5,1.5,inf,0.5,1.5,>1.50,0.30-0.50
16,5,11,31.25,-3.5,-0.21875,0.6818181818181818,0.5,1.5,>1.50,>0.75
8,0,8,0.0,-8.0,-1.0,0.0,0.5,2.0,<=0.25,<=0.10
51,7,44,13.725490196078432,-30.0,-0.5882352941176471,0.3181818181818182,0.5,2.0,<=0.25,0.10-0.20
100,23,77,23.0,-31.0,-0.31,0.5974025974025974,0.5,2.0,<=0.25,0.20-0.30
231,71,160,30.735930735930733,-18.0,-0.07792207792207792,0.8875,0.5,2.0,<=0.25,0.30-0.50
206,62,144,30.097087378640776,-20.0,-0.0970873786407767,0.8611111111111112,0.5,2.0,<=0.25,0.50-0.75
143,41,102,28.671328671328673,-20.0,-0.13986013986013987,0.803921568627451,0.5,2.0,<=0.25,>0.75
7,1,6,14.285714285714285,-4.0,-0.5714285714285714,0.3333333333333333,0.5,2.0,0.25-0.50,<=0.10
23,4,19,17.391304347826086,-11.0,-0.4782608695652174,0.42105263157894735,0.5,2.0,0.25-0.50,0.10-0.20
34,3,31,8.823529411764707,-25.0,-0.7352941176470589,0.1935483870967742,0.5,2.0,0.25-0.50,0.20-0.30
156,50,106,32.05128205128205,-6.0,-0.038461538461538464,0.9433962264150944,0.5,2.0,0.25-0.50,0.30-0.50
205,57,148,27.80487804878049,-34.0,-0.16585365853658537,0.7702702702702703,0.5,2.0,0.25-0.50,0.50-0.75
155,34,121,21.935483870967744,-53.0,-0.3419354838709677,0.5619834710743802,0.5,2.0,0.25-0.50,>0.75
4,0,4,0.0,-4.0,-1.0,0.0,0.5,2.0,0.50-0.75,<=0.10
21,3,18,14.285714285714285,-12.0,-0.5714285714285714,0.3333333333333333,0.5,2.0,0.50-0.75,0.10-0.20
16,3,13,18.75,-7.0,-0.4375,0.46153846153846156,0.5,2.0,0.50-0.75,0.20-0.30
37,8,29,21.62162162162162,-13.0,-0.35135135135135137,0.5517241379310345,0.5,2.0,0.50-0.75,0.30-0.50
59,19,40,32.20338983050847,-2.0,-0.03389830508474576,0.95,0.5,2.0,0.50-0.75,0.50-0.75
138,35,103,25.36231884057971,-33.0,-0.2391304347826087,0.6796116504854369,0.5,2.0,0.50-0.75,>0.75
4,0,4,0.0,-4.0,-1.0,0.0,0.5,2.0,0.75-1.00,<=0.10
7,2,5,28.57142857142857,-1.0,-0.14285714285714285,0.8,0.5,2.0,0.75-1.00,0.10-0.20
8,1,7,12.5,-5.0,-0.625,0.2857142857142857,0.5,2.0,0.75-1.00,0.20-0.30
21,9,12,42.857142857142854,6.0,0.2857142857142857,1.5,0.5,2.0,0.75-1.00,0.30-0.50
16,6,10,37.5,2.0,0.125,1.2,0.5,2.0,0.75-1.00,0.50-0.75
98,29,69,29.591836734693878,-11.0,-0.11224489795918367,0.8405797101449275,0.5,2.0,0.75-1.00,>0.75
1,0,1,0.0,-1.0,-1.0,0.0,0.5,2.0,1.00-1.50,<=0.10
4,2,2,50.0,2.0,0.5,2.0,0.5,2.0,1.00-1.50,0.10-0.20
7,2,5,28.57142857142857,-1.0,-0.14285714285714285,0.8,0.5,2.0,1.00-1.50,0.20-0.30
6,4,2,66.66666666666666,6.0,1.0,4.0,0.5,2.0,1.00-1.50,0.30-0.50
3,2,1,66.66666666666666,3.0,1.0,4.0,0.5,2.0,1.00-1.50,0.50-0.75
65,24,41,36.92307692307693,7.0,0.1076923076923077,1.170731707317073,0.5,2.0,1.00-1.50,>0.75
1,0,1,0.0,-1.0,-1.0,0.0,0.5,2.0,>1.50,0.10-0.20
1,1,0,100.0,2.0,2.0,inf,0.5,2.0,>1.50,0.20-0.30
1,1,0,100.0,2.0,2.0,inf,0.5,2.0,>1.50,0.30-0.50
16,5,11,31.25,-1.0,-0.0625,0.9090909090909091,0.5,2.0,>1.50,>0.75
8,0,8,0.0,-8.0,-1.0,0.0,0.5,2.5,<=0.25,<=0.10
51,7,44,13.725490196078432,-26.5,-0.5196078431372549,0.3977272727272727,0.5,2.5,<=0.25,0.10-0.20
100,18,82,18.0,-37.0,-0.37,0.5487804878048781,0.5,2.5,<=0.25,0.20-0.30
231,60,171,25.97402597402597,-21.0,-0.09090909090909091,0.8771929824561403,0.5,2.5,<=0.25,0.30-0.50
206,56,150,27.184466019417474,-10.0,-0.04854368932038835,0.9333333333333333,0.5,2.5,<=0.25,0.50-0.75
143,35,108,24.475524475524477,-20.5,-0.14335664335664336,0.8101851851851852,0.5,2.5,<=0.25,>0.75
7,0,7,0.0,-7.0,-1.0,0.0,0.5,2.5,0.25-0.50,<=0.10
23,4,19,17.391304347826086,-9.0,-0.391304347826087,0.5263157894736842,0.5,2.5,0.25-0.50,0.10-0.20
34,3,31,8.823529411764707,-23.5,-0.6911764705882353,0.24193548387096775,0.5,2.5,0.25-0.50,0.20-0.30
156,44,112,28.205128205128204,-2.0,-0.01282051282051282,0.9821428571428571,0.5,2.5,0.25-0.50,0.30-0.50
205,51,154,24.878048780487806,-26.5,-0.12926829268292683,0.827922077922078,0.5,2.5,0.25-0.50,0.50-0.75
155,26,129,16.7741935483871,-64.0,-0.4129032258064516,0.5038759689922481,0.5,2.5,0.25-0.50,>0.75
4,0,4,0.0,-4.0,-1.0,0.0,0.5,2.5,0.50-0.75,<=0.10
21,3,18,14.285714285714285,-10.5,-0.5,0.4166666666666667,0.5,2.5,0.50-0.75,0.10-0.20
16,2,14,12.5,-9.0,-0.5625,0.35714285714285715,0.5,2.5,0.50-0.75,0.20-0.30
37,7,30,18.91891891891892,-12.5,-0.33783783783783783,0.5833333333333334,0.5,2.5,0.50-0.75,0.30-0.50
59,17,42,28.8135593220339,0.5,0.00847457627118644,1.0119047619047619,0.5,2.5,0.50-0.75,0.50-0.75
138,29,109,21.014492753623188,-36.5,-0.2644927536231884,0.6651376146788991,0.5,2.5,0.50-0.75,>0.75
4,0,4,0.0,-4.0,-1.0,0.0,0.5,2.5,0.75-1.00,<=0.10
7,2,5,28.57142857142857,0.0,0.0,1.0,0.5,2.5,0.75-1.00,0.10-0.20
8,1,7,12.5,-4.5,-0.5625,0.35714285714285715,0.5,2.5,0.75-1.00,0.20-0.30
21,6,15,28.57142857142857,0.0,0.0,1.0,0.5,2.5,0.75-1.00,0.30-0.50
16,5,11,31.25,1.5,0.09375,1.1363636363636365,0.5,2.5,0.75-1.00,0.50-0.75
98,22,76,22.448979591836736,-21.0,-0.21428571428571427,0.7236842105263158,0.5,2.5,0.75-1.00,>0.75
1,0,1,0.0,-1.0,-1.0,0.0,0.5,2.5,1.00-1.50,<=0.10
4,2,2,50.0,3.0,0.75,2.5,0.5,2.5,1.00-1.50,0.10-0.20
7,1,6,14.285714285714285,-3.5,-0.5,0.4166666666666667,0.5,2.5,1.00-1.50,0.20-0.30
6,4,2,66.66666666666666,8.0,1.3333333333333333,5.0,0.5,2.5,1.00-1.50,0.30-0.50
3,2,1,66.66666666666666,4.0,1.3333333333333333,5.0,0.5,2.5,1.00-1.50,0.50-0.75
65,22,43,33.84615384615385,12.0,0.18461538461538463,1.2790697674418605,0.5,2.5,1.00-1.50,>0.75
1,0,1,0.0,-1.0,-1.0,0.0,0.5,2.5,>1.50,0.10-0.20
1,0,1,0.0,-1.0,-1.0,0.0,0.5,2.5,>1.50,0.20-0.30
1,1,0,100.0,2.5,2.5,inf,0.5,2.5,>1.50,0.30-0.50
16,5,11,31.25,1.5,0.09375,1.1363636363636365,0.5,2.5,>1.50,>0.75
8,0,8,0.0,-8.0,-1.0,0.0,0.5,3.0,<=0.25,<=0.10
51,6,45,11.76470588235294,-27.0,-0.5294117647058824,0.4,0.5,3.0,<=0.25,0.10-0.20
100,15,85,15.0,-40.0,-0.4,0.5294117647058824,0.5,3.0,<=0.25,0.20-0.30
231,51,180,22.07792207792208,-27.0,-0.11688311688311688,0.85,0.5,3.0,<=0.25,0.30-0.50
206,50,156,24.271844660194176,-6.0,-0.02912621359223301,0.9615384615384616,0.5,3.0,<=0.25,0.50-0.75
143,33,110,23.076923076923077,-11.0,-0.07692307692307693,0.9,0.5,3.0,<=0.25,>0.75
7,0,7,0.0,-7.0,-1.0,0.0,0.5,3.0,0.25-0.50,<=0.10
23,4,19,17.391304347826086,-7.0,-0.30434782608695654,0.631578947368421,0.5,3.0,0.25-0.50,0.10-0.20
34,3,31,8.823529411764707,-22.0,-0.6470588235294118,0.2903225806451613,0.5,3.0,0.25-0.50,0.20-0.30
156,41,115,26.282051282051285,8.0,0.05128205128205128,1.0695652173913044,0.5,3.0,0.25-0.50,0.30-0.50
205,42,163,20.48780487804878,-37.0,-0.18048780487804877,0.7730061349693251,0.5,3.0,0.25-0.50,0.50-0.75
155,26,129,16.7741935483871,-51.0,-0.32903225806451614,0.6046511627906976,0.5,3.0,0.25-0.50,>0.75
4,0,4,0.0,-4.0,-1.0,0.0,0.5,3.0,0.50-0.75,<=0.10
21,2,19,9.523809523809524,-13.0,-0.6190476190476191,0.3157894736842105,0.5,3.0,0.50-0.75,0.10-0.20
16,1,15,6.25,-12.0,-0.75,0.2,0.5,3.0,0.50-0.75,0.20-0.30
37,6,31,16.216216216216218,-13.0,-0.35135135135135137,0.5806451612903226,0.5,3.0,0.50-0.75,0.30-0.50
59,14,45,23.728813559322035,-3.0,-0.05084745762711865,0.9333333333333333,0.5,3.0,0.50-0.75,0.50-0.75
138,24,114,17.391304347826086,-42.0,-0.30434782608695654,0.631578947368421,0.5,3.0,0.50-0.75,>0.75
4,0,4,0.0,-4.0,-1.0,0.0,0.5,3.0,0.75-1.00,<=0.10
7,2,5,28.57142857142857,1.0,0.14285714285714285,1.2,0.5,3.0,0.75-1.00,0.10-0.20
8,1,7,12.5,-4.0,-0.5,0.42857142857142855,0.5,3.0,0.75-1.00,0.20-0.30
21,6,15,28.57142857142857,3.0,0.14285714285714285,1.2,0.5,3.0,0.75-1.00,0.30-0.50
16,5,11,31.25,4.0,0.25,1.3636363636363635,0.5,3.0,0.75-1.00,0.50-0.75
98,17,81,17.346938775510203,-30.0,-0.30612244897959184,0.6296296296296297,0.5,3.0,0.75-1.00,>0.75
1,0,1,0.0,-1.0,-1.0,0.0,0.5,3.0,1.00-1.50,<=0.10
4,2,2,50.0,4.0,1.0,3.0,0.5,3.0,1.00-1.50,0.10-0.20
7,1,6,14.285714285714285,-3.0,-0.42857142857142855,0.5,0.5,3.0,1.00-1.50,0.20-0.30
6,4,2,66.66666666666666,10.0,1.6666666666666667,6.0,0.5,3.0,1.00-1.50,0.30-0.50
3,2,1,66.66666666666666,5.0,1.6666666666666667,6.0,0.5,3.0,1.00-1.50,0.50-0.75
65,19,46,29.230769230769234,11.0,0.16923076923076924,1.2391304347826086,0.5,3.0,1.00-1.50,>0.75
1,0,1,0.0,-1.0,-1.0,0.0,0.5,3.0,>1.50,0.10-0.20
1,0,1,0.0,-1.0,-1.0,0.0,0.5,3.0,>1.50,0.20-0.30
1,1,0,100.0,3.0,3.0,inf,0.5,3.0,>1.50,0.30-0.50
16,2,14,12.5,-8.0,-0.5,0.42857142857142855,0.5,3.0,>1.50,>0.75
