trades,wins,losses,win_rate_pct,total_r,avg_r,profit_factor,buffer_atr,rr,pattern
519,173,346,33.33333333333333,-216.25,-0.4166666666666667,0.375,0.1,0.75,ENGULFING
1334,163,1171,12.21889055472264,-1048.75,-0.7861694152923538,0.10439795046968403,0.1,0.75,REJECTION
519,149,370,28.709055876685934,-221.0,-0.4258188824662813,0.4027027027027027,0.1,1.0,ENGULFING
1334,145,1189,10.869565217391305,-1044.0,-0.782608695652174,0.12195121951219512,0.1,1.0,REJECTION
519,129,390,24.85549132947977,-228.75,-0.4407514450867052,0.41346153846153844,0.1,1.25,ENGULFING
1334,128,1206,9.5952023988006,-1046.0,-0.7841079460269865,0.13266998341625208,0.1,1.25,REJECTION
519,114,405,21.965317919075144,-234.0,-0.4508670520231214,0.4222222222222222,0.1,1.5,ENGULFING
1334,117,1217,8.770614692653673,-1041.5,-0.7807346326836582,0.14420706655710763,0.1,1.5,REJECTION
519,89,430,17.148362235067438,-252.0,-0.48554913294797686,0.413953488372093,0.1,2.0,ENGULFING
1334,94,1240,7.04647676161919,-1052.0,-0.7886056971514243,0.15161290322580645,0.1,2.0,REJECTION
519,71,448,13.680154142581888,-270.5,-0.5211946050096339,0.39620535714285715,0.1,2.5,ENGULFING
1334,78,1256,5.847076461769116,-1061.0,-0.795352323838081,0.1552547770700637,0.1,2.5,REJECTION
519,55,464,10.597302504816955,-299.0,-0.5761078998073218,0.35560344827586204,0.1,3.0,ENGULFING
1334,74,1260,5.547226386806597,-1038.0,-0.7781109445277361,0.1761904761904762,0.1,3.0,REJECTION
519,223,296,42.96724470134875,-128.75,-0.24807321772639693,0.5650337837837838,0.2,0.75,ENGULFING
1334,301,1033,22.563718140929534,-807.25,-0.6051349325337332,0.2185382381413359,0.2,0.75,REJECTION
519,194,325,37.37957610789981,-131.0,-0.2524084778420039,0.5969230769230769,0.2,1.0,ENGULFING
1334,269,1065,20.164917541229386,-796.0,-0.5967016491754122,0.25258215962441316,0.2,1.0,REJECTION
519,176,343,33.911368015414254,-123.0,-0.23699421965317918,0.641399416909621,0.2,1.25,ENGULFING
1334,241,1093,18.065967016491754,-791.75,-0.5935157421289355,0.27561756633119855,0.2,1.25,REJECTION
519,148,371,28.516377649325626,-149.0,-0.28709055876685935,0.5983827493261455,0.2,1.5,ENGULFING
1334,217,1117,16.266866566716644,-791.5,-0.593328335832084,0.29140555058191586,0.2,1.5,REJECTION
519,120,399,23.121387283236995,-159.0,-0.3063583815028902,0.6015037593984962,0.2,2.0,ENGULFING
1334,180,1154,13.493253373313344,-794.0,-0.5952023988005997,0.3119584055459272,0.2,2.0,REJECTION
519,98,421,18.88246628131021,-176.0,-0.33911368015414256,0.5819477434679335,0.2,2.5,ENGULFING
1334,161,1173,12.068965517241379,-770.5,-0.5775862068965517,0.3431372549019608,0.2,2.5,REJECTION
519,84,435,16.184971098265898,-183.0,-0.35260115606936415,0.5793103448275863,0.2,3.0,ENGULFING
1334,149,1185,11.169415292353824,-738.0,-0.553223388305847,0.37721518987341773,0.2,3.0,REJECTION
519,254,265,48.94026974951831,-74.5,-0.14354527938342967,0.7188679245283018,0.3,0.75,ENGULFING
1334,412,922,30.884557721139434,-613.0,-0.45952023988005997,0.3351409978308026,0.3,0.75,REJECTION
519,220,299,42.38921001926782,-79.0,-0.15221579961464354,0.7357859531772575,0.3,1.0,ENGULFING
1334,364,970,27.2863568215892,-606.0,-0.4542728635682159,0.3752577319587629,0.3,1.0,REJECTION
519,197,322,37.957610789980734,-75.75,-0.14595375722543352,0.764751552795031,0.3,1.25,ENGULFING
1334,318,1016,23.838080959520237,-618.5,-0.4636431784107946,0.391240157480315,0.3,1.25,REJECTION
519,173,346,33.33333333333333,-86.5,-0.16666666666666666,0.75,0.3,1.5,ENGULFING
1334,288,1046,21.58920539730135,-614.0,-0.46026986506746626,0.4130019120458891,0.3,1.5,REJECTION
519,129,390,24.85549132947977,-132.0,-0.2543352601156069,0.6615384615384615,0.3,2.0,ENGULFING
1334,243,1091,18.21589205397301,-605.0,-0.4535232383808096,0.4454628780934922,0.3,2.0,REJECTION
519,114,405,21.965317919075144,-120.0,-0.23121387283236994,0.7037037037037037,0.3,2.5,ENGULFING
1334,222,1112,16.64167916041979,-557.0,-0.41754122938530736,0.49910071942446044,0.3,2.5,REJECTION
519,101,418,19.460500963391137,-115.0,-0.22157996146435452,0.7248803827751196,0.3,3.0,ENGULFING
1334,191,1143,14.317841079460269,-570.0,-0.4272863568215892,0.5013123359580053,0.3,3.0,REJECTION
519,287,232,55.29865125240848,-16.75,-0.03227360308285164,0.927801724137931,0.5,0.75,ENGULFING
1334,582,752,43.62818590704648,-315.5,-0.23650674662668666,0.5804521276595744,0.5,0.75,REJECTION
519,254,265,48.94026974951831,-11.0,-0.02119460500963391,0.9584905660377359,0.5,1.0,ENGULFING
1334,511,823,38.30584707646177,-312.0,-0.23388305847076463,0.6208991494532199,0.5,1.0,REJECTION
519,218,301,42.00385356454721,-28.5,-0.05491329479768786,0.9053156146179402,0.5,1.25,ENGULFING
1334,450,884,33.733133433283356,-321.5,-0.24100449775112442,0.6363122171945701,0.5,1.25,REJECTION
519,195,324,37.57225433526011,-31.5,-0.06069364161849711,0.9027777777777778,0.5,1.5,ENGULFING
1334,406,928,30.434782608695656,-319.0,-0.2391304347826087,0.65625,0.5,1.5,REJECTION
519,152,367,29.28709055876686,-63.0,-0.12138728323699421,0.8283378746594006,0.5,2.0,ENGULFING
1334,357,977,26.761619190404794,-263.0,-0.19715142428785606,0.7308085977482088,0.5,2.0,REJECTION
519,133,386,25.626204238921,-53.5,-0.10308285163776493,0.8613989637305699,0.5,2.5,ENGULFING
1334,302,1032,22.638680659670165,-277.0,-0.20764617691154422,0.7315891472868217,0.5,2.5,REJECTION
519,114,405,21.965317919075144,-63.0,-0.12138728323699421,0.8444444444444444,0.5,3.0,ENGULFING
1334,266,1068,19.940029985007495,-270.0,-0.20239880059970014,0.7471910112359551,0.5,3.0,REJECTION
