trades,wins,losses,win_rate_pct,total_r,avg_r,profit_factor,buffer_atr,rr
1853,336,1517,18.132757690232058,-1265.0,-0.6826767404209391,0.16611733684904417,0.1,0.75
1853,294,1559,15.86616297895305,-1265.0,-0.6826767404209391,0.18858242463117383,0.1,1.0
1853,257,1596,13.869400971397733,-1274.75,-0.687938478143551,0.2012844611528822,0.1,1.25
1853,231,1622,12.466270912034538,-1275.5,-0.6883432271991365,0.21362515413070285,0.1,1.5
1853,183,1670,9.875876956287103,-1304.0,-0.7037236913113869,0.21916167664670658,0.1,2.0
1853,149,1704,8.041014570966002,-1331.5,-0.7185644900161899,0.21860328638497653,0.1,2.5
1853,129,1724,6.961683756071235,-1337.0,-0.7215326497571506,0.22447795823665892,0.1,3.0
1853,524,1329,28.27846735024285,-936.0,-0.5051268213707502,0.29571106094808125,0.2,0.75
1853,463,1390,24.986508364813815,-927.0,-0.5002698327037237,0.33309352517985613,0.2,1.0
1853,417,1436,22.504047490555855,-914.75,-0.49365893146249323,0.3629874651810585,0.2,1.25
1853,365,1488,19.697787371829463,-940.5,-0.5075553157042634,0.36794354838709675,0.2,1.5
1853,300,1553,16.189962223421478,-953.0,-0.5143011332973556,0.386349001931745,0.2,2.0
1853,259,1594,13.97733405288721,-946.5,-0.5107933081489476,0.4062107904642409,0.2,2.5
1853,233,1620,12.574203993524016,-921.0,-0.4970318402590394,0.43148148148148147,0.2,3.0
1853,666,1187,35.941716135995684,-687.5,-0.37101996762007555,0.42080876158382474,0.3,0.75
1853,584,1269,31.516459794927144,-685.0,-0.3696708041014571,0.46020488573680063,0.3,1.0
1853,515,1338,27.792768483540204,-694.25,-0.3746627091203454,0.4811285500747384,0.3,1.25
1853,461,1392,24.878575283324338,-700.5,-0.37803561791689155,0.49676724137931033,0.3,1.5
1853,372,1481,20.075553157042634,-737.0,-0.397733405288721,0.5023632680621202,0.3,2.0
1853,336,1517,18.132757690232058,-677.0,-0.365353480841878,0.5537244561634805,0.3,2.5
1853,292,1561,15.758229897463572,-685.0,-0.3696708041014571,0.561178731582319,0.3,3.0
1853,869,984,46.89692390717755,-332.25,-0.17930383162439287,0.6623475609756098,0.5,0.75
1853,765,1088,41.284403669724774,-323.0,-0.1743119266055046,0.703125,0.5,1.0
1853,668,1185,36.04964921748516,-350.0,-0.18888289260658392,0.7046413502109705,0.5,1.25
1853,601,1252,32.433890987587695,-350.5,-0.1891527253103076,0.7200479233226837,0.5,1.5
1853,509,1344,27.46896923907178,-326.0,-0.17593092282784673,0.7574404761904762,0.5,2.0
1853,435,1418,23.475445223961145,-330.5,-0.17835941716135995,0.7669252468265162,0.5,2.5
1853,380,1473,20.50728548300054,-333.0,-0.1797085806799784,0.7739307535641547,0.5,3.0
