trades,wins,losses,win_rate_pct,total_r,avg_r,profit_factor,buffer_atr,rr,side
1025,188,837,18.341463414634145,-696.0,-0.6790243902439025,0.16845878136200718,0.1,0.75,LONG
828,148,680,17.874396135265698,-569.0,-0.6871980676328503,0.16323529411764706,0.1,0.75,SHORT
1025,167,858,16.29268292682927,-691.0,-0.6741463414634147,0.19463869463869463,0.1,1.0,LONG
828,127,701,15.338164251207727,-574.0,-0.6932367149758454,0.181169757489301,0.1,1.0,SHORT
1025,149,876,14.536585365853657,-689.75,-0.6729268292682927,0.21261415525114155,0.1,1.25,LONG
828,108,720,13.043478260869565,-585.0,-0.7065217391304348,0.1875,0.1,1.25,SHORT
1025,135,890,13.170731707317074,-687.5,-0.6707317073170732,0.22752808988764045,0.1,1.5,LONG
828,96,732,11.594202898550725,-588.0,-0.7101449275362319,0.19672131147540983,0.1,1.5,SHORT
1025,106,919,10.341463414634147,-707.0,-0.6897560975609756,0.2306855277475517,0.1,2.0,LONG
828,77,751,9.29951690821256,-597.0,-0.7210144927536232,0.20505992010652463,0.1,2.0,SHORT
1025,83,942,8.097560975609756,-734.5,-0.7165853658536585,0.220276008492569,0.1,2.5,LONG
828,66,762,7.971014492753622,-597.0,-0.7210144927536232,0.21653543307086615,0.1,2.5,SHORT
1025,74,951,7.2195121951219505,-729.0,-0.7112195121951219,0.2334384858044164,0.1,3.0,LONG
828,55,773,6.642512077294686,-608.0,-0.7342995169082126,0.21345407503234154,0.1,3.0,SHORT
1025,278,747,27.121951219512198,-538.5,-0.5253658536585366,0.2791164658634538,0.2,0.75,LONG
828,246,582,29.71014492753623,-397.5,-0.48007246376811596,0.3170103092783505,0.2,0.75,SHORT
1025,246,779,24.0,-533.0,-0.52,0.3157894736842105,0.2,1.0,LONG
828,217,611,26.207729468599034,-394.0,-0.4758454106280193,0.35515548281505727,0.2,1.0,SHORT
1025,228,797,22.243902439024392,-512.0,-0.4995121951219512,0.3575909661229611,0.2,1.25,LONG
828,189,639,22.82608695652174,-402.75,-0.48641304347826086,0.36971830985915494,0.2,1.25,SHORT
1025,197,828,19.21951219512195,-532.5,-0.5195121951219512,0.35688405797101447,0.2,1.5,LONG
828,168,660,20.28985507246377,-408.0,-0.4927536231884058,0.38181818181818183,0.2,1.5,SHORT
1025,160,865,15.609756097560975,-545.0,-0.5317073170731708,0.3699421965317919,0.2,2.0,LONG
828,140,688,16.908212560386474,-408.0,-0.4927536231884058,0.4069767441860465,0.2,2.0,SHORT
1025,136,889,13.26829268292683,-549.0,-0.535609756097561,0.38245219347581555,0.2,2.5,LONG
828,123,705,14.855072463768115,-397.5,-0.48007246376811596,0.43617021276595747,0.2,2.5,SHORT
1025,124,901,12.097560975609756,-529.0,-0.5160975609756098,0.41287458379578246,0.2,3.0,LONG
828,109,719,13.16425120772947,-392.0,-0.47342995169082125,0.45479833101529904,0.2,3.0,SHORT
1025,359,666,35.02439024390244,-396.75,-0.38707317073170733,0.40427927927927926,0.3,0.75,LONG
828,307,521,37.07729468599034,-290.75,-0.3511473429951691,0.44193857965451055,0.3,0.75,SHORT
1025,323,702,31.51219512195122,-379.0,-0.3697560975609756,0.4601139601139601,0.3,1.0,LONG
828,261,567,31.521739130434785,-306.0,-0.3695652173913043,0.4603174603174603,0.3,1.0,SHORT
1025,283,742,27.60975609756098,-388.25,-0.37878048780487805,0.47675202156334234,0.3,1.25,LONG
828,232,596,28.019323671497588,-306.0,-0.3695652173913043,0.4865771812080537,0.3,1.25,SHORT
1025,249,776,24.29268292682927,-402.5,-0.3926829268292683,0.48131443298969073,0.3,1.5,LONG
828,212,616,25.60386473429952,-298.0,-0.35990338164251207,0.5162337662337663,0.3,1.5,SHORT
1025,193,832,18.829268292682926,-446.0,-0.4351219512195122,0.4639423076923077,0.3,2.0,LONG
828,179,649,21.618357487922705,-291.0,-0.35144927536231885,0.551617873651772,0.3,2.0,SHORT
1025,177,848,17.268292682926827,-405.5,-0.395609756097561,0.5218160377358491,0.3,2.5,LONG
828,159,669,19.202898550724637,-271.5,-0.3278985507246377,0.594170403587444,0.3,2.5,SHORT
1025,158,867,15.414634146341463,-393.0,-0.38341463414634147,0.5467128027681661,0.3,3.0,LONG
828,134,694,16.183574879227052,-292.0,-0.3526570048309179,0.579250720461095,0.3,3.0,SHORT
1025,474,551,46.243902439024396,-195.5,-0.19073170731707317,0.6451905626134301,0.5,0.75,LONG
828,395,433,47.70531400966183,-136.75,-0.1651570048309179,0.6841801385681293,0.5,0.75,SHORT
1025,421,604,41.073170731707314,-183.0,-0.17853658536585365,0.6970198675496688,0.5,1.0,LONG
828,344,484,41.54589371980676,-140.0,-0.16908212560386474,0.7107438016528925,0.5,1.0,SHORT
1025,364,661,35.512195121951216,-206.0,-0.20097560975609757,0.6883509833585476,0.5,1.25,LONG
828,304,524,36.71497584541063,-144.0,-0.17391304347826086,0.7251908396946565,0.5,1.25,SHORT
1025,330,695,32.19512195121951,-200.0,-0.1951219512195122,0.7122302158273381,0.5,1.5,LONG
828,271,557,32.729468599033815,-150.5,-0.1817632850241546,0.729802513464991,0.5,1.5,SHORT
1025,276,749,26.926829268292686,-197.0,-0.19219512195121952,0.7369826435246996,0.5,2.0,LONG
828,233,595,28.140096618357486,-129.0,-0.15579710144927536,0.7831932773109244,0.5,2.0,SHORT
1025,238,787,23.219512195121954,-192.0,-0.1873170731707317,0.7560355781448539,0.5,2.5,LONG
828,197,631,23.792270531400966,-138.5,-0.16727053140096618,0.7805071315372425,0.5,2.5,SHORT
1025,211,814,20.585365853658537,-181.0,-0.17658536585365853,0.7776412776412777,0.5,3.0,LONG
828,169,659,20.41062801932367,-152.0,-0.18357487922705315,0.7693474962063733,0.5,3.0,SHORT
