trades,wins,losses,win_rate_pct,total_r,avg_r,profit_factor,buffer_atr,rr,session
660,123,537,18.636363636363637,-444.75,-0.6738636363636363,0.1717877094972067,0.1,0.75,ASIA
443,78,365,17.607223476297968,-306.5,-0.6918735891647856,0.16027397260273973,0.1,0.75,LONDON
401,77,324,19.201995012468828,-266.25,-0.6639650872817955,0.17824074074074073,0.1,0.75,NEW_YORK
224,41,183,18.303571428571427,-152.25,-0.6796875,0.1680327868852459,0.1,0.75,NY_LATE
125,17,108,13.600000000000001,-95.25,-0.762,0.11805555555555555,0.1,0.75,OFF
660,108,552,16.363636363636363,-444.0,-0.6727272727272727,0.1956521739130435,0.1,1.0,ASIA
443,70,373,15.80135440180587,-303.0,-0.6839729119638827,0.1876675603217158,0.1,1.0,LONDON
401,70,331,17.45635910224439,-261.0,-0.6508728179551122,0.21148036253776434,0.1,1.0,NEW_YORK
224,33,191,14.732142857142858,-158.0,-0.7053571428571429,0.17277486910994763,0.1,1.0,NY_LATE
125,13,112,10.4,-99.0,-0.792,0.11607142857142858,0.1,1.0,OFF
660,91,569,13.787878787878787,-455.25,-0.6897727272727273,0.1999121265377856,0.1,1.25,ASIA
443,60,383,13.544018058690746,-308.0,-0.6952595936794582,0.195822454308094,0.1,1.25,LONDON
401,65,336,16.209476309226932,-254.75,-0.635286783042394,0.2418154761904762,0.1,1.25,NEW_YORK
224,29,195,12.946428571428573,-158.75,-0.7087053571428571,0.1858974358974359,0.1,1.25,NY_LATE
125,12,113,9.6,-98.0,-0.784,0.13274336283185842,0.1,1.25,OFF
660,82,578,12.424242424242424,-455.0,-0.6893939393939394,0.21280276816608998,0.1,1.5,ASIA
443,53,390,11.963882618510159,-310.5,-0.7009029345372461,0.20384615384615384,0.1,1.5,LONDON
401,60,341,14.962593516209477,-251.0,-0.6259351620947631,0.26392961876832843,0.1,1.5,NEW_YORK
224,26,198,11.607142857142858,-159.0,-0.7098214285714286,0.19696969696969696,0.1,1.5,NY_LATE
125,10,115,8.0,-100.0,-0.8,0.13043478260869565,0.1,1.5,OFF
660,68,592,10.303030303030303,-456.0,-0.6909090909090909,0.22972972972972974,0.1,2.0,ASIA
443,41,402,9.255079006772009,-320.0,-0.7223476297968398,0.20398009950248755,0.1,2.0,LONDON
401,47,354,11.72069825436409,-260.0,-0.6483790523690773,0.2655367231638418,0.1,2.0,NEW_YORK
224,20,204,8.928571428571429,-164.0,-0.7321428571428571,0.19607843137254902,0.1,2.0,NY_LATE
125,7,118,5.6000000000000005,-104.0,-0.832,0.11864406779661017,0.1,2.0,OFF
660,54,606,8.181818181818182,-471.0,-0.7136363636363636,0.22277227722772278,0.1,2.5,ASIA
443,36,407,8.126410835214447,-317.0,-0.7155756207674944,0.22113022113022113,0.1,2.5,LONDON
401,37,364,9.226932668329177,-271.5,-0.6770573566084788,0.2541208791208791,0.1,2.5,NEW_YORK
224,16,208,7.142857142857142,-168.0,-0.75,0.19230769230769232,0.1,2.5,NY_LATE
125,6,119,4.8,-104.0,-0.832,0.12605042016806722,0.1,2.5,OFF
660,49,611,7.424242424242425,-464.0,-0.703030303030303,0.24058919803600654,0.1,3.0,ASIA
443,28,415,6.320541760722348,-331.0,-0.7471783295711061,0.20240963855421687,0.1,3.0,LONDON
401,33,368,8.229426433915211,-269.0,-0.6708229426433915,0.26902173913043476,0.1,3.0,NEW_YORK
224,14,210,6.25,-168.0,-0.75,0.2,0.1,3.0,NY_LATE
125,5,120,4.0,-105.0,-0.84,0.125,0.1,3.0,OFF
660,193,467,29.242424242424242,-322.25,-0.4882575757575758,0.3099571734475375,0.2,0.75,ASIA
443,121,322,27.313769751693002,-231.25,-0.5220090293453724,0.28183229813664595,0.2,0.75,LONDON
401,118,283,29.42643391521197,-194.5,-0.4850374064837905,0.3127208480565371,0.2,0.75,NEW_YORK
224,66,158,29.464285714285715,-108.5,-0.484375,0.31329113924050633,0.2,0.75,NY_LATE
125,26,99,20.8,-79.5,-0.636,0.19696969696969696,0.2,0.75,OFF
660,171,489,25.90909090909091,-318.0,-0.4818181818181818,0.3496932515337423,0.2,1.0,ASIA
443,109,334,24.604966139954854,-225.0,-0.5079006772009029,0.3263473053892216,0.2,1.0,LONDON
401,105,296,26.184538653366584,-191.0,-0.4763092269326683,0.3547297297297297,0.2,1.0,NEW_YORK
224,56,168,25.0,-112.0,-0.5,0.3333333333333333,0.2,1.0,NY_LATE
125,22,103,17.599999999999998,-81.0,-0.648,0.21359223300970873,0.2,1.0,OFF
660,155,505,23.484848484848484,-311.25,-0.4715909090909091,0.38366336633663367,0.2,1.25,ASIA
443,96,347,21.670428893905193,-227.0,-0.5124153498871332,0.345821325648415,0.2,1.25,LONDON
401,96,305,23.940149625935163,-185.0,-0.4613466334164589,0.39344262295081966,0.2,1.25,NEW_YORK
224,51,173,22.767857142857142,-109.25,-0.4877232142857143,0.3684971098265896,0.2,1.25,NY_LATE
125,19,106,15.2,-82.25,-0.658,0.2240566037735849,0.2,1.25,OFF
660,138,522,20.909090909090907,-315.0,-0.4772727272727273,0.39655172413793105,0.2,1.5,ASIA
443,83,360,18.735891647855528,-235.5,-0.5316027088036117,0.3458333333333333,0.2,1.5,LONDON
401,83,318,20.698254364089774,-193.5,-0.4825436408977556,0.3915094339622642,0.2,1.5,NEW_YORK
224,45,179,20.089285714285715,-111.5,-0.49776785714285715,0.3770949720670391,0.2,1.5,NY_LATE
125,16,109,12.8,-85.0,-0.68,0.22018348623853212,0.2,1.5,OFF
660,113,547,17.12121212121212,-321.0,-0.4863636363636364,0.41316270566727603,0.2,2.0,ASIA
443,67,376,15.124153498871332,-242.0,-0.54627539503386,0.35638297872340424,0.2,2.0,LONDON
401,68,333,16.957605985037407,-197.0,-0.4912718204488778,0.4084084084084084,0.2,2.0,NEW_YORK
224,38,186,16.964285714285715,-110.0,-0.49107142857142855,0.40860215053763443,0.2,2.0,NY_LATE
125,14,111,11.200000000000001,-83.0,-0.664,0.25225225225225223,0.2,2.0,OFF
660,95,565,14.393939393939394,-327.5,-0.4962121212121212,0.42035398230088494,0.2,2.5,ASIA
443,56,387,12.641083521444695,-247.0,-0.5575620767494357,0.36175710594315247,0.2,2.5,LONDON
401,60,341,14.962593516209477,-191.0,-0.4763092269326683,0.4398826979472141,0.2,2.5,NEW_YORK
224,34,190,15.178571428571427,-105.0,-0.46875,0.4473684210526316,0.2,2.5,NY_LATE
125,14,111,11.200000000000001,-76.0,-0.608,0.3153153153153153,0.2,2.5,OFF
660,87,573,13.18181818181818,-312.0,-0.4727272727272727,0.45549738219895286,0.2,3.0,ASIA
443,48,395,10.835214446952596,-251.0,-0.5665914221218962,0.36455696202531646,0.2,3.0,LONDON
401,56,345,13.96508728179551,-177.0,-0.44139650872817954,0.48695652173913045,0.2,3.0,NEW_YORK
224,30,194,13.392857142857142,-104.0,-0.4642857142857143,0.4639175257731959,0.2,3.0,NY_LATE
125,12,113,9.6,-77.0,-0.616,0.3185840707964602,0.2,3.0,OFF
660,245,415,37.121212121212125,-231.25,-0.3503787878787879,0.4427710843373494,0.3,0.75,ASIA
443,148,295,33.40857787810384,-184.0,-0.4153498871331828,0.376271186440678,0.3,0.75,LONDON
401,155,246,38.65336658354115,-129.75,-0.32356608478802995,0.4725609756097561,0.3,0.75,NEW_YORK
224,80,144,35.714285714285715,-84.0,-0.375,0.4166666666666667,0.3,0.75,NY_LATE
125,38,87,30.4,-58.5,-0.468,0.3275862068965517,0.3,0.75,OFF
660,215,445,32.57575757575758,-230.0,-0.3484848484848485,0.48314606741573035,0.3,1.0,ASIA
443,131,312,29.571106094808126,-181.0,-0.40857787810383744,0.4198717948717949,0.3,1.0,LONDON
401,135,266,33.66583541147132,-131.0,-0.3266832917705736,0.5075187969924813,0.3,1.0,NEW_YORK
224,68,156,30.357142857142854,-88.0,-0.39285714285714285,0.4358974358974359,0.3,1.0,NY_LATE
125,35,90,28.000000000000004,-55.0,-0.44,0.3888888888888889,0.3,1.0,OFF
660,191,469,28.939393939393938,-230.25,-0.3488636363636364,0.5090618336886994,0.3,1.25,ASIA
443,109,334,24.604966139954854,-197.75,-0.4463882618510158,0.40793413173652693,0.3,1.25,LONDON
401,122,279,30.423940149625935,-126.5,-0.31546134663341646,0.546594982078853,0.3,1.25,NEW_YORK
224,62,162,27.67857142857143,-84.5,-0.37723214285714285,0.4783950617283951,0.3,1.25,NY_LATE
125,31,94,24.8,-55.25,-0.442,0.4122340425531915,0.3,1.25,OFF
660,174,486,26.36363636363636,-225.0,-0.3409090909090909,0.5370370370370371,0.3,1.5,ASIA
443,98,345,22.121896162528216,-198.0,-0.4469525959367946,0.4260869565217391,0.3,1.5,LONDON
401,106,295,26.433915211970078,-136.0,-0.33915211970074816,0.5389830508474577,0.3,1.5,NEW_YORK
224,58,166,25.892857142857146,-79.0,-0.35267857142857145,0.5240963855421686,0.3,1.5,NY_LATE
125,25,100,20.0,-62.5,-0.5,0.375,0.3,1.5,OFF
660,131,529,19.848484848484848,-267.0,-0.40454545454545454,0.4952741020793951,0.3,2.0,ASIA
443,80,363,18.058690744920995,-203.0,-0.4582392776523702,0.44077134986225897,0.3,2.0,LONDON
401,89,312,22.194513715710723,-134.0,-0.3341645885286783,0.5705128205128205,0.3,2.0,NEW_YORK
224,49,175,21.875,-77.0,-0.34375,0.56,0.3,2.0,NY_LATE
125,23,102,18.4,-56.0,-0.448,0.45098039215686275,0.3,2.0,OFF
660,121,539,18.333333333333332,-236.5,-0.35833333333333334,0.5612244897959183,0.3,2.5,ASIA
443,70,373,15.80135440180587,-198.0,-0.4469525959367946,0.4691689008042895,0.3,2.5,LONDON
401,83,318,20.698254364089774,-110.5,-0.27556109725685785,0.6525157232704403,0.3,2.5,NEW_YORK
224,42,182,18.75,-77.0,-0.34375,0.5769230769230769,0.3,2.5,NY_LATE
125,20,105,16.0,-55.0,-0.44,0.47619047619047616,0.3,2.5,OFF
660,108,552,16.363636363636363,-228.0,-0.34545454545454546,0.5869565217391305,0.3,3.0,ASIA
443,56,387,12.641083521444695,-219.0,-0.49435665914221216,0.43410852713178294,0.3,3.0,LONDON
401,77,324,19.201995012468828,-93.0,-0.23192019950124687,0.7129629629629629,0.3,3.0,NEW_YORK
224,37,187,16.517857142857142,-76.0,-0.3392857142857143,0.5935828877005348,0.3,3.0,NY_LATE
125,14,111,11.200000000000001,-69.0,-0.552,0.3783783783783784,0.3,3.0,OFF
660,308,352,46.666666666666664,-121.0,-0.18333333333333332,0.65625,0.5,0.75,ASIA
443,206,237,46.50112866817156,-82.5,-0.18623024830699775,0.6518987341772152,0.5,0.75,LONDON
401,191,210,47.63092269326683,-66.75,-0.16645885286783044,0.6821428571428572,0.5,0.75,NEW_YORK
224,109,115,48.660714285714285,-33.25,-0.1484375,0.7108695652173913,0.5,0.75,NY_LATE
125,55,70,44.0,-28.75,-0.23,0.5892857142857143,0.5,0.75,OFF
660,273,387,41.36363636363637,-114.0,-0.17272727272727273,0.7054263565891473,0.5,1.0,ASIA
443,176,267,39.729119638826184,-91.0,-0.2054176072234763,0.6591760299625468,0.5,1.0,LONDON
401,169,232,42.14463840399002,-63.0,-0.1571072319201995,0.728448275862069,0.5,1.0,NEW_YORK
224,99,125,44.19642857142857,-26.0,-0.11607142857142858,0.792,0.5,1.0,NY_LATE
125,48,77,38.4,-29.0,-0.232,0.6233766233766234,0.5,1.0,OFF
660,247,413,37.42424242424243,-104.25,-0.15795454545454546,0.7475786924939467,0.5,1.25,ASIA
443,149,294,33.63431151241535,-107.75,-0.24322799097065462,0.6335034013605442,0.5,1.25,LONDON
401,143,258,35.66084788029925,-79.25,-0.19763092269326682,0.6928294573643411,0.5,1.25,NEW_YORK
224,88,136,39.285714285714285,-26.0,-0.11607142857142858,0.8088235294117647,0.5,1.25,NY_LATE
125,41,84,32.800000000000004,-32.75,-0.262,0.6101190476190477,0.5,1.25,OFF
660,219,441,33.18181818181819,-112.5,-0.17045454545454544,0.7448979591836735,0.5,1.5,ASIA
443,132,311,29.79683972911964,-113.0,-0.255079006772009,0.6366559485530546,0.5,1.5,LONDON
401,133,268,33.16708229426434,-68.5,-0.1708229426433915,0.7444029850746269,0.5,1.5,NEW_YORK
224,79,145,35.267857142857146,-26.5,-0.11830357142857142,0.8172413793103448,0.5,1.5,NY_LATE
125,38,87,30.4,-30.0,-0.24,0.6551724137931034,0.5,1.5,OFF
660,182,478,27.575757575757574,-114.0,-0.17272727272727273,0.7615062761506276,0.5,2.0,ASIA
443,111,332,25.056433408577877,-110.0,-0.24830699774266365,0.6686746987951807,0.5,2.0,LONDON
401,118,283,29.42643391521197,-47.0,-0.1172069825436409,0.833922261484099,0.5,2.0,NEW_YORK
224,67,157,29.910714285714285,-23.0,-0.10267857142857142,0.8535031847133758,0.5,2.0,NY_LATE
125,31,94,24.8,-32.0,-0.256,0.6595744680851063,0.5,2.0,OFF
660,156,504,23.636363636363637,-114.0,-0.17272727272727273,0.7738095238095238,0.5,2.5,ASIA
443,91,352,20.54176072234763,-124.5,-0.28103837471783294,0.6463068181818182,0.5,2.5,LONDON
401,107,294,26.683291770573565,-26.5,-0.06608478802992519,0.9098639455782312,0.5,2.5,NEW_YORK
224,58,166,25.892857142857146,-21.0,-0.09375,0.8734939759036144,0.5,2.5,NY_LATE
125,23,102,18.4,-44.5,-0.356,0.5637254901960784,0.5,2.5,OFF
660,135,525,20.454545454545457,-120.0,-0.18181818181818182,0.7714285714285715,0.5,3.0,ASIA
443,80,363,18.058690744920995,-123.0,-0.27765237020316025,0.6611570247933884,0.5,3.0,LONDON
401,92,309,22.942643391521198,-33.0,-0.08229426433915212,0.8932038834951457,0.5,3.0,NEW_YORK
224,52,172,23.214285714285715,-16.0,-0.07142857142857142,0.9069767441860465,0.5,3.0,NY_LATE
125,21,104,16.8,-41.0,-0.328,0.6057692307692307,0.5,3.0,OFF
