trades,wins,losses,win_rate_pct,total_r,avg_r,profit_factor,buffer_atr,rr,entry_hour
95,20,75,21.052631578947366,-60.0,-0.631578947368421,0.2,0.1,0.75,0
100,15,85,15.0,-73.75,-0.7375,0.1323529411764706,0.1,0.75,1
75,10,65,13.333333333333334,-57.5,-0.7666666666666667,0.11538461538461539,0.1,0.75,2
54,15,39,27.77777777777778,-27.75,-0.5138888888888888,0.28846153846153844,0.1,0.75,3
54,10,44,18.51851851851852,-36.5,-0.6759259259259259,0.17045454545454544,0.1,0.75,4
95,19,76,20.0,-61.75,-0.65,0.1875,0.1,0.75,5
95,15,80,15.789473684210526,-68.75,-0.7236842105263158,0.140625,0.1,0.75,6
92,19,73,20.652173913043477,-58.75,-0.6385869565217391,0.1952054794520548,0.1,0.75,7
75,12,63,16.0,-54.0,-0.72,0.14285714285714285,0.1,0.75,8
79,16,63,20.253164556962027,-51.0,-0.6455696202531646,0.19047619047619047,0.1,0.75,9
85,16,69,18.823529411764707,-57.0,-0.6705882352941176,0.17391304347826086,0.1,0.75,10
104,17,87,16.346153846153847,-74.25,-0.7139423076923077,0.14655172413793102,0.1,0.75,11
100,17,83,17.0,-70.25,-0.7025,0.1536144578313253,0.1,0.75,12
130,22,108,16.923076923076923,-91.5,-0.7038461538461539,0.1527777777777778,0.1,0.75,13
96,20,76,20.833333333333336,-61.0,-0.6354166666666666,0.19736842105263158,0.1,0.75,14
61,16,45,26.229508196721312,-33.0,-0.5409836065573771,0.26666666666666666,0.1,0.75,15
59,11,48,18.64406779661017,-39.75,-0.673728813559322,0.171875,0.1,0.75,16
55,8,47,14.545454545454545,-41.0,-0.7454545454545455,0.1276595744680851,0.1,0.75,17
71,11,60,15.492957746478872,-51.75,-0.7288732394366197,0.1375,0.1,0.75,18
62,10,52,16.129032258064516,-44.5,-0.717741935483871,0.14423076923076922,0.1,0.75,19
78,15,63,19.230769230769234,-51.75,-0.6634615384615384,0.17857142857142858,0.1,0.75,20
13,5,8,38.46153846153847,-4.25,-0.3269230769230769,0.46875,0.1,0.75,21
44,8,36,18.181818181818183,-30.0,-0.6818181818181818,0.16666666666666666,0.1,0.75,22
81,9,72,11.11111111111111,-65.25,-0.8055555555555556,0.09375,0.1,0.75,23
95,18,77,18.947368421052634,-59.0,-0.6210526315789474,0.23376623376623376,0.1,1.0,0
100,12,88,12.0,-76.0,-0.76,0.13636363636363635,0.1,1.0,1
75,10,65,13.333333333333334,-55.0,-0.7333333333333333,0.15384615384615385,0.1,1.0,2
54,14,40,25.925925925925924,-26.0,-0.48148148148148145,0.35,0.1,1.0,3
54,8,46,14.814814814814813,-38.0,-0.7037037037037037,0.17391304347826086,0.1,1.0,4
95,17,78,17.894736842105264,-61.0,-0.6421052631578947,0.21794871794871795,0.1,1.0,5
95,14,81,14.736842105263156,-67.0,-0.7052631578947368,0.1728395061728395,0.1,1.0,6
92,15,77,16.304347826086957,-62.0,-0.6739130434782609,0.19480519480519481,0.1,1.0,7
75,11,64,14.666666666666666,-53.0,-0.7066666666666667,0.171875,0.1,1.0,8
79,16,63,20.253164556962027,-47.0,-0.5949367088607594,0.25396825396825395,0.1,1.0,9
85,14,71,16.470588235294116,-57.0,-0.6705882352941176,0.19718309859154928,0.1,1.0,10
104,14,90,13.461538461538462,-76.0,-0.7307692307692307,0.15555555555555556,0.1,1.0,11
100,15,85,15.0,-70.0,-0.7,0.17647058823529413,0.1,1.0,12
130,18,112,13.846153846153847,-94.0,-0.7230769230769231,0.16071428571428573,0.1,1.0,13
96,19,77,19.791666666666664,-58.0,-0.6041666666666666,0.24675324675324675,0.1,1.0,14
61,15,46,24.59016393442623,-31.0,-0.5081967213114754,0.32608695652173914,0.1,1.0,15
59,11,48,18.64406779661017,-37.0,-0.6271186440677966,0.22916666666666666,0.1,1.0,16
55,7,48,12.727272727272727,-41.0,-0.7454545454545455,0.14583333333333334,0.1,1.0,17
71,10,61,14.084507042253522,-51.0,-0.7183098591549296,0.16393442622950818,0.1,1.0,18
62,5,57,8.064516129032258,-52.0,-0.8387096774193549,0.08771929824561403,0.1,1.0,19
78,13,65,16.666666666666664,-52.0,-0.6666666666666666,0.2,0.1,1.0,20
13,5,8,38.46153846153847,-3.0,-0.23076923076923078,0.625,0.1,1.0,21
44,5,39,11.363636363636363,-34.0,-0.7727272727272727,0.1282051282051282,0.1,1.0,22
81,8,73,9.876543209876543,-65.0,-0.8024691358024691,0.1095890410958904,0.1,1.0,23
95,16,79,16.842105263157894,-59.0,-0.6210526315789474,0.25316455696202533,0.1,1.25,0
100,9,91,9.0,-79.75,-0.7975,0.12362637362637363,0.1,1.25,1
75,10,65,13.333333333333334,-52.5,-0.7,0.19230769230769232,0.1,1.25,2
54,11,43,20.37037037037037,-29.25,-0.5416666666666666,0.31976744186046513,0.1,1.25,3
54,7,47,12.962962962962962,-38.25,-0.7083333333333334,0.18617021276595744,0.1,1.25,4
95,14,81,14.736842105263156,-63.5,-0.6684210526315789,0.21604938271604937,0.1,1.25,5
95,11,84,11.578947368421053,-70.25,-0.7394736842105263,0.1636904761904762,0.1,1.25,6
92,13,79,14.130434782608695,-62.75,-0.6820652173913043,0.20569620253164558,0.1,1.25,7
75,9,66,12.0,-54.75,-0.73,0.17045454545454544,0.1,1.25,8
79,15,64,18.9873417721519,-45.25,-0.5727848101265823,0.29296875,0.1,1.25,9
85,12,73,14.117647058823529,-58.0,-0.6823529411764706,0.2054794520547945,0.1,1.25,10
104,12,92,11.538461538461538,-77.0,-0.7403846153846154,0.16304347826086957,0.1,1.25,11
100,12,88,12.0,-73.0,-0.73,0.17045454545454544,0.1,1.25,12
130,18,112,13.846153846153847,-89.5,-0.6884615384615385,0.20089285714285715,0.1,1.25,13
96,16,80,16.666666666666664,-60.0,-0.625,0.25,0.1,1.25,14
61,15,46,24.59016393442623,-27.25,-0.44672131147540983,0.4076086956521739,0.1,1.25,15
59,9,50,15.254237288135593,-38.75,-0.6567796610169492,0.225,0.1,1.25,16
55,7,48,12.727272727272727,-39.25,-0.7136363636363636,0.18229166666666666,0.1,1.25,17
71,9,62,12.676056338028168,-50.75,-0.7147887323943662,0.1814516129032258,0.1,1.25,18
62,5,57,8.064516129032258,-50.75,-0.8185483870967742,0.10964912280701754,0.1,1.25,19
78,13,65,16.666666666666664,-48.75,-0.625,0.25,0.1,1.25,20
13,2,11,15.384615384615385,-8.5,-0.6538461538461539,0.22727272727272727,0.1,1.25,21
44,4,40,9.090909090909092,-35.0,-0.7954545454545454,0.125,0.1,1.25,22
81,8,73,9.876543209876543,-63.0,-0.7777777777777778,0.136986301369863,0.1,1.25,23
95,15,80,15.789473684210526,-57.5,-0.6052631578947368,0.28125,0.1,1.5,0
100,8,92,8.0,-80.0,-0.8,0.13043478260869565,0.1,1.5,1
75,10,65,13.333333333333334,-50.0,-0.6666666666666666,0.23076923076923078,0.1,1.5,2
54,9,45,16.666666666666664,-31.5,-0.5833333333333334,0.3,0.1,1.5,3
54,6,48,11.11111111111111,-39.0,-0.7222222222222222,0.1875,0.1,1.5,4
95,11,84,11.578947368421053,-67.5,-0.7105263157894737,0.19642857142857142,0.1,1.5,5
95,11,84,11.578947368421053,-67.5,-0.7105263157894737,0.19642857142857142,0.1,1.5,6
92,12,80,13.043478260869565,-62.0,-0.6739130434782609,0.225,0.1,1.5,7
75,9,66,12.0,-52.5,-0.7,0.20454545454545456,0.1,1.5,8
79,14,65,17.72151898734177,-44.0,-0.5569620253164557,0.3230769230769231,0.1,1.5,9
85,12,73,14.117647058823529,-55.0,-0.6470588235294118,0.2465753424657534,0.1,1.5,10
104,9,95,8.653846153846153,-81.5,-0.7836538461538461,0.14210526315789473,0.1,1.5,11
100,9,91,9.0,-77.5,-0.775,0.14835164835164835,0.1,1.5,12
130,17,113,13.076923076923078,-87.5,-0.6730769230769231,0.22566371681415928,0.1,1.5,13
96,14,82,14.583333333333334,-61.0,-0.6354166666666666,0.25609756097560976,0.1,1.5,14
61,15,46,24.59016393442623,-23.5,-0.38524590163934425,0.4891304347826087,0.1,1.5,15
59,8,51,13.559322033898304,-39.0,-0.6610169491525424,0.23529411764705882,0.1,1.5,16
55,6,49,10.909090909090908,-40.0,-0.7272727272727273,0.1836734693877551,0.1,1.5,17
71,8,63,11.267605633802818,-51.0,-0.7183098591549296,0.19047619047619047,0.1,1.5,18
62,4,58,6.451612903225806,-52.0,-0.8387096774193549,0.10344827586206896,0.1,1.5,19
78,13,65,16.666666666666664,-45.5,-0.5833333333333334,0.3,0.1,1.5,20
13,1,12,7.6923076923076925,-10.5,-0.8076923076923077,0.125,0.1,1.5,21
44,4,40,9.090909090909092,-34.0,-0.7727272727272727,0.15,0.1,1.5,22
81,6,75,7.4074074074074066,-66.0,-0.8148148148148148,0.12,0.1,1.5,23
95,13,82,13.684210526315791,-56.0,-0.5894736842105263,0.3170731707317073,0.1,2.0,0
100,8,92,8.0,-76.0,-0.76,0.17391304347826086,0.1,2.0,1
75,7,68,9.333333333333334,-54.0,-0.72,0.20588235294117646,0.1,2.0,2
54,6,48,11.11111111111111,-36.0,-0.6666666666666666,0.25,0.1,2.0,3
54,5,49,9.25925925925926,-39.0,-0.7222222222222222,0.20408163265306123,0.1,2.0,4
95,11,84,11.578947368421053,-62.0,-0.6526315789473685,0.2619047619047619,0.1,2.0,5
95,8,87,8.421052631578947,-71.0,-0.7473684210526316,0.1839080459770115,0.1,2.0,6
92,10,82,10.869565217391305,-62.0,-0.6739130434782609,0.24390243902439024,0.1,2.0,7
75,8,67,10.666666666666668,-51.0,-0.68,0.23880597014925373,0.1,2.0,8
79,11,68,13.924050632911392,-46.0,-0.5822784810126582,0.3235294117647059,0.1,2.0,9
85,9,76,10.588235294117647,-58.0,-0.6823529411764706,0.23684210526315788,0.1,2.0,10
104,7,97,6.730769230769231,-83.0,-0.7980769230769231,0.14432989690721648,0.1,2.0,11
100,6,94,6.0,-82.0,-0.82,0.1276595744680851,0.1,2.0,12
130,15,115,11.538461538461538,-85.0,-0.6538461538461539,0.2608695652173913,0.1,2.0,13
96,13,83,13.541666666666666,-57.0,-0.59375,0.3132530120481928,0.1,2.0,14
61,9,52,14.754098360655737,-34.0,-0.5573770491803278,0.34615384615384615,0.1,2.0,15
59,6,53,10.16949152542373,-41.0,-0.6949152542372882,0.22641509433962265,0.1,2.0,16
55,4,51,7.2727272727272725,-43.0,-0.7818181818181819,0.1568627450980392,0.1,2.0,17
71,7,64,9.859154929577464,-50.0,-0.704225352112676,0.21875,0.1,2.0,18
62,3,59,4.838709677419355,-53.0,-0.8548387096774194,0.1016949152542373,0.1,2.0,19
78,9,69,11.538461538461538,-51.0,-0.6538461538461539,0.2608695652173913,0.1,2.0,20
13,1,12,7.6923076923076925,-10.0,-0.7692307692307693,0.16666666666666666,0.1,2.0,21
44,3,41,6.8181818181818175,-35.0,-0.7954545454545454,0.14634146341463414,0.1,2.0,22
81,4,77,4.938271604938271,-69.0,-0.8518518518518519,0.1038961038961039,0.1,2.0,23
95,11,84,11.578947368421053,-56.5,-0.5947368421052631,0.3273809523809524,0.1,2.5,0
100,7,93,7.000000000000001,-75.5,-0.755,0.1881720430107527,0.1,2.5,1
75,6,69,8.0,-54.0,-0.72,0.21739130434782608,0.1,2.5,2
54,3,51,5.555555555555555,-43.5,-0.8055555555555556,0.14705882352941177,0.1,2.5,3
54,3,51,5.555555555555555,-43.5,-0.8055555555555556,0.14705882352941177,0.1,2.5,4
95,10,85,10.526315789473683,-60.0,-0.631578947368421,0.29411764705882354,0.1,2.5,5
95,7,88,7.368421052631578,-70.5,-0.7421052631578947,0.19886363636363635,0.1,2.5,6
92,7,85,7.608695652173914,-67.5,-0.7336956521739131,0.20588235294117646,0.1,2.5,7
75,8,67,10.666666666666668,-47.0,-0.6266666666666667,0.29850746268656714,0.1,2.5,8
79,8,71,10.126582278481013,-51.0,-0.6455696202531646,0.28169014084507044,0.1,2.5,9
85,8,77,9.411764705882353,-57.0,-0.6705882352941176,0.2597402597402597,0.1,2.5,10
104,6,98,5.769230769230769,-83.0,-0.7980769230769231,0.15306122448979592,0.1,2.5,11
100,6,94,6.0,-79.0,-0.79,0.1595744680851064,0.1,2.5,12
130,12,118,9.230769230769232,-88.0,-0.676923076923077,0.2542372881355932,0.1,2.5,13
96,11,85,11.458333333333332,-57.5,-0.5989583333333334,0.3235294117647059,0.1,2.5,14
61,6,55,9.836065573770492,-40.0,-0.6557377049180327,0.2727272727272727,0.1,2.5,15
59,4,55,6.779661016949152,-45.0,-0.7627118644067796,0.18181818181818182,0.1,2.5,16
55,4,51,7.2727272727272725,-41.0,-0.7454545454545455,0.19607843137254902,0.1,2.5,17
71,5,66,7.042253521126761,-53.5,-0.7535211267605634,0.1893939393939394,0.1,2.5,18
62,2,60,3.225806451612903,-55.0,-0.8870967741935484,0.08333333333333333,0.1,2.5,19
78,8,70,10.256410256410255,-50.0,-0.6410256410256411,0.2857142857142857,0.1,2.5,20
13,1,12,7.6923076923076925,-9.5,-0.7307692307692307,0.20833333333333334,0.1,2.5,21
44,3,41,6.8181818181818175,-33.5,-0.7613636363636364,0.18292682926829268,0.1,2.5,22
81,3,78,3.7037037037037033,-70.5,-0.8703703703703703,0.09615384615384616,0.1,2.5,23
95,11,84,11.578947368421053,-51.0,-0.5368421052631579,0.39285714285714285,0.1,3.0,0
100,6,94,6.0,-76.0,-0.76,0.19148936170212766,0.1,3.0,1
75,6,69,8.0,-51.0,-0.68,0.2608695652173913,0.1,3.0,2
54,2,52,3.7037037037037033,-46.0,-0.8518518518518519,0.11538461538461539,0.1,3.0,3
54,2,52,3.7037037037037033,-46.0,-0.8518518518518519,0.11538461538461539,0.1,3.0,4
95,10,85,10.526315789473683,-55.0,-0.5789473684210527,0.35294117647058826,0.1,3.0,5
95,6,89,6.315789473684211,-71.0,-0.7473684210526316,0.20224719101123595,0.1,3.0,6
92,6,86,6.521739130434782,-68.0,-0.7391304347826086,0.20930232558139536,0.1,3.0,7
75,4,71,5.333333333333334,-59.0,-0.7866666666666666,0.16901408450704225,0.1,3.0,8
79,8,71,10.126582278481013,-47.0,-0.5949367088607594,0.3380281690140845,0.1,3.0,9
85,6,79,7.0588235294117645,-61.0,-0.7176470588235294,0.22784810126582278,0.1,3.0,10
104,6,98,5.769230769230769,-80.0,-0.7692307692307693,0.1836734693877551,0.1,3.0,11
100,4,96,4.0,-84.0,-0.84,0.125,0.1,3.0,12
130,11,119,8.461538461538462,-86.0,-0.6615384615384615,0.2773109243697479,0.1,3.0,13
96,11,85,11.458333333333332,-52.0,-0.5416666666666666,0.38823529411764707,0.1,3.0,14
61,5,56,8.19672131147541,-41.0,-0.6721311475409836,0.26785714285714285,0.1,3.0,15
59,3,56,5.084745762711865,-47.0,-0.7966101694915254,0.16071428571428573,0.1,3.0,16
55,3,52,5.454545454545454,-43.0,-0.7818181818181819,0.17307692307692307,0.1,3.0,17
71,4,67,5.633802816901409,-55.0,-0.7746478873239436,0.1791044776119403,0.1,3.0,18
62,2,60,3.225806451612903,-54.0,-0.8709677419354839,0.1,0.1,3.0,19
78,7,71,8.974358974358974,-50.0,-0.6410256410256411,0.29577464788732394,0.1,3.0,20
13,1,12,7.6923076923076925,-9.0,-0.6923076923076923,0.25,0.1,3.0,21
44,2,42,4.545454545454546,-36.0,-0.8181818181818182,0.14285714285714285,0.1,3.0,22
81,3,78,3.7037037037037033,-69.0,-0.8518518518518519,0.11538461538461539,0.1,3.0,23
95,29,66,30.526315789473685,-44.25,-0.46578947368421053,0.32954545454545453,0.2,0.75,0
100,26,74,26.0,-54.5,-0.545,0.2635135135135135,0.2,0.75,1
75,19,56,25.333333333333336,-41.75,-0.5566666666666666,0.2544642857142857,0.2,0.75,2
54,24,30,44.44444444444444,-12.0,-0.2222222222222222,0.6,0.2,0.75,3
54,14,40,25.925925925925924,-29.5,-0.5462962962962963,0.2625,0.2,0.75,4
95,26,69,27.368421052631582,-49.5,-0.5210526315789473,0.2826086956521739,0.2,0.75,5
95,26,69,27.368421052631582,-49.5,-0.5210526315789473,0.2826086956521739,0.2,0.75,6
92,29,63,31.521739130434785,-41.25,-0.4483695652173913,0.34523809523809523,0.2,0.75,7
75,22,53,29.333333333333332,-36.5,-0.4866666666666667,0.3113207547169811,0.2,0.75,8
79,28,51,35.44303797468354,-30.0,-0.379746835443038,0.4117647058823529,0.2,0.75,9
85,18,67,21.176470588235293,-53.5,-0.6294117647058823,0.20149253731343283,0.2,0.75,10
104,26,78,25.0,-58.5,-0.5625,0.25,0.2,0.75,11
100,27,73,27.0,-52.75,-0.5275,0.2773972602739726,0.2,0.75,12
130,32,98,24.615384615384617,-74.0,-0.5692307692307692,0.24489795918367346,0.2,0.75,13
96,27,69,28.125,-48.75,-0.5078125,0.29347826086956524,0.2,0.75,14
61,25,36,40.98360655737705,-17.25,-0.2827868852459016,0.5208333333333334,0.2,0.75,15
59,20,39,33.89830508474576,-24.0,-0.4067796610169492,0.38461538461538464,0.2,0.75,16
55,14,41,25.454545454545453,-30.5,-0.5545454545454546,0.25609756097560976,0.2,0.75,17
71,20,51,28.169014084507044,-36.0,-0.5070422535211268,0.29411764705882354,0.2,0.75,18
62,16,46,25.806451612903224,-34.0,-0.5483870967741935,0.2608695652173913,0.2,0.75,19
78,24,54,30.76923076923077,-36.0,-0.46153846153846156,0.3333333333333333,0.2,0.75,20
13,6,7,46.15384615384615,-2.5,-0.19230769230769232,0.6428571428571429,0.2,0.75,21
44,11,33,25.0,-24.75,-0.5625,0.25,0.2,0.75,22
81,15,66,18.51851851851852,-54.75,-0.6759259259259259,0.17045454545454544,0.2,0.75,23
95,26,69,27.368421052631582,-43.0,-0.45263157894736844,0.37681159420289856,0.2,1.0,0
100,21,79,21.0,-58.0,-0.58,0.26582278481012656,0.2,1.0,1
75,19,56,25.333333333333336,-37.0,-0.49333333333333335,0.3392857142857143,0.2,1.0,2
54,18,36,33.33333333333333,-18.0,-0.3333333333333333,0.5,0.2,1.0,3
54,13,41,24.074074074074073,-28.0,-0.5185185185185185,0.3170731707317073,0.2,1.0,4
95,26,69,27.368421052631582,-43.0,-0.45263157894736844,0.37681159420289856,0.2,1.0,5
95,23,72,24.210526315789473,-49.0,-0.5157894736842106,0.3194444444444444,0.2,1.0,6
92,25,67,27.173913043478258,-42.0,-0.45652173913043476,0.373134328358209,0.2,1.0,7
75,21,54,28.000000000000004,-33.0,-0.44,0.3888888888888889,0.2,1.0,8
79,25,54,31.645569620253166,-29.0,-0.3670886075949367,0.46296296296296297,0.2,1.0,9
85,16,69,18.823529411764707,-53.0,-0.6235294117647059,0.2318840579710145,0.2,1.0,10
104,23,81,22.115384615384613,-58.0,-0.5576923076923077,0.2839506172839506,0.2,1.0,11
100,24,76,24.0,-52.0,-0.52,0.3157894736842105,0.2,1.0,12
130,28,102,21.53846153846154,-74.0,-0.5692307692307692,0.27450980392156865,0.2,1.0,13
96,25,71,26.041666666666668,-46.0,-0.4791666666666667,0.352112676056338,0.2,1.0,14
61,23,38,37.704918032786885,-15.0,-0.2459016393442623,0.6052631578947368,0.2,1.0,15
59,17,42,28.8135593220339,-25.0,-0.423728813559322,0.40476190476190477,0.2,1.0,16
55,12,43,21.818181818181817,-31.0,-0.5636363636363636,0.27906976744186046,0.2,1.0,17
71,19,52,26.76056338028169,-33.0,-0.4647887323943662,0.36538461538461536,0.2,1.0,18
62,13,49,20.967741935483872,-36.0,-0.5806451612903226,0.2653061224489796,0.2,1.0,19
78,21,57,26.923076923076923,-36.0,-0.46153846153846156,0.3684210526315789,0.2,1.0,20
13,3,10,23.076923076923077,-7.0,-0.5384615384615384,0.3,0.2,1.0,21
44,9,35,20.454545454545457,-26.0,-0.5909090909090909,0.2571428571428571,0.2,1.0,22
81,13,68,16.049382716049383,-55.0,-0.6790123456790124,0.19117647058823528,0.2,1.0,23
95,26,69,27.368421052631582,-36.5,-0.38421052631578945,0.47101449275362317,0.2,1.25,0
100,18,82,18.0,-59.5,-0.595,0.27439024390243905,0.2,1.25,1
75,18,57,24.0,-34.5,-0.46,0.39473684210526316,0.2,1.25,2
54,17,37,31.48148148148148,-15.75,-0.2916666666666667,0.5743243243243243,0.2,1.25,3
54,13,41,24.074074074074073,-24.75,-0.4583333333333333,0.39634146341463417,0.2,1.25,4
95,21,74,22.105263157894736,-47.75,-0.5026315789473684,0.3547297297297297,0.2,1.25,5
95,20,75,21.052631578947366,-50.0,-0.5263157894736842,0.3333333333333333,0.2,1.25,6
92,22,70,23.91304347826087,-42.5,-0.46195652173913043,0.39285714285714285,0.2,1.25,7
75,20,55,26.666666666666668,-30.0,-0.4,0.45454545454545453,0.2,1.25,8
79,24,55,30.37974683544304,-25.0,-0.31645569620253167,0.5454545454545454,0.2,1.25,9
85,15,70,17.647058823529413,-51.25,-0.6029411764705882,0.26785714285714285,0.2,1.25,10
104,16,88,15.384615384615385,-68.0,-0.6538461538461539,0.22727272727272727,0.2,1.25,11
100,21,79,21.0,-52.75,-0.5275,0.3322784810126582,0.2,1.25,12
130,28,102,21.53846153846154,-67.0,-0.5153846153846153,0.3431372549019608,0.2,1.25,13
96,21,75,21.875,-48.75,-0.5078125,0.35,0.2,1.25,14
61,21,40,34.42622950819672,-13.75,-0.22540983606557377,0.65625,0.2,1.25,15
59,16,43,27.11864406779661,-23.0,-0.3898305084745763,0.46511627906976744,0.2,1.25,16
55,10,45,18.181818181818183,-32.5,-0.5909090909090909,0.2777777777777778,0.2,1.25,17
71,17,54,23.943661971830984,-32.75,-0.4612676056338028,0.39351851851851855,0.2,1.25,18
62,12,50,19.35483870967742,-35.0,-0.5645161290322581,0.3,0.2,1.25,19
78,20,58,25.64102564102564,-33.0,-0.4230769230769231,0.43103448275862066,0.2,1.25,20
13,2,11,15.384615384615385,-8.5,-0.6538461538461539,0.22727272727272727,0.2,1.25,21
44,8,36,18.181818181818183,-26.0,-0.5909090909090909,0.2777777777777778,0.2,1.25,22
81,11,70,13.580246913580247,-56.25,-0.6944444444444444,0.19642857142857142,0.2,1.25,23
95,25,70,26.31578947368421,-32.5,-0.34210526315789475,0.5357142857142857,0.2,1.5,0
100,17,83,17.0,-57.5,-0.575,0.3072289156626506,0.2,1.5,1
75,16,59,21.333333333333336,-35.0,-0.4666666666666667,0.4067796610169492,0.2,1.5,2
54,13,41,24.074074074074073,-21.5,-0.39814814814814814,0.47560975609756095,0.2,1.5,3
54,11,43,20.37037037037037,-26.5,-0.49074074074074076,0.38372093023255816,0.2,1.5,4
95,19,76,20.0,-47.5,-0.5,0.375,0.2,1.5,5
95,17,78,17.894736842105264,-52.5,-0.5526315789473685,0.3269230769230769,0.2,1.5,6
92,20,72,21.73913043478261,-42.0,-0.45652173913043476,0.4166666666666667,0.2,1.5,7
75,19,56,25.333333333333336,-27.5,-0.36666666666666664,0.5089285714285714,0.2,1.5,8
79,20,59,25.31645569620253,-29.0,-0.3670886075949367,0.5084745762711864,0.2,1.5,9
85,14,71,16.470588235294116,-50.0,-0.5882352941176471,0.29577464788732394,0.2,1.5,10
104,15,89,14.423076923076922,-66.5,-0.6394230769230769,0.25280898876404495,0.2,1.5,11
100,15,85,15.0,-62.5,-0.625,0.2647058823529412,0.2,1.5,12
130,22,108,16.923076923076923,-75.0,-0.5769230769230769,0.3055555555555556,0.2,1.5,13
96,20,76,20.833333333333336,-46.0,-0.4791666666666667,0.39473684210526316,0.2,1.5,14
61,16,45,26.229508196721312,-21.0,-0.3442622950819672,0.5333333333333333,0.2,1.5,15
59,15,44,25.423728813559322,-21.5,-0.3644067796610169,0.5113636363636364,0.2,1.5,16
55,10,45,18.181818181818183,-30.0,-0.5454545454545454,0.3333333333333333,0.2,1.5,17
71,15,56,21.12676056338028,-33.5,-0.47183098591549294,0.4017857142857143,0.2,1.5,18
62,11,51,17.741935483870968,-34.5,-0.5564516129032258,0.3235294117647059,0.2,1.5,19
78,17,61,21.794871794871796,-35.5,-0.4551282051282051,0.4180327868852459,0.2,1.5,20
13,2,11,15.384615384615385,-8.0,-0.6153846153846154,0.2727272727272727,0.2,1.5,21
44,7,37,15.909090909090908,-26.5,-0.6022727272727273,0.28378378378378377,0.2,1.5,22
81,9,72,11.11111111111111,-58.5,-0.7222222222222222,0.1875,0.2,1.5,23
95,18,77,18.947368421052634,-41.0,-0.43157894736842106,0.4675324675324675,0.2,2.0,0
100,15,85,15.0,-55.0,-0.55,0.35294117647058826,0.2,2.0,1
75,11,64,14.666666666666666,-42.0,-0.56,0.34375,0.2,2.0,2
54,10,44,18.51851851851852,-24.0,-0.4444444444444444,0.45454545454545453,0.2,2.0,3
54,8,46,14.814814814814813,-30.0,-0.5555555555555556,0.34782608695652173,0.2,2.0,4
95,19,76,20.0,-38.0,-0.4,0.5,0.2,2.0,5
95,16,79,16.842105263157894,-47.0,-0.49473684210526314,0.4050632911392405,0.2,2.0,6
92,16,76,17.391304347826086,-44.0,-0.4782608695652174,0.42105263157894735,0.2,2.0,7
75,18,57,24.0,-21.0,-0.28,0.631578947368421,0.2,2.0,8
79,15,64,18.9873417721519,-34.0,-0.43037974683544306,0.46875,0.2,2.0,9
85,11,74,12.941176470588237,-52.0,-0.611764705882353,0.2972972972972973,0.2,2.0,10
104,11,93,10.576923076923077,-71.0,-0.6826923076923077,0.23655913978494625,0.2,2.0,11
100,12,88,12.0,-64.0,-0.64,0.2727272727272727,0.2,2.0,12
130,21,109,16.153846153846153,-67.0,-0.5153846153846153,0.3853211009174312,0.2,2.0,13
96,18,78,18.75,-42.0,-0.4375,0.46153846153846156,0.2,2.0,14
61,12,49,19.672131147540984,-25.0,-0.4098360655737705,0.4897959183673469,0.2,2.0,15
59,10,49,16.94915254237288,-29.0,-0.4915254237288136,0.40816326530612246,0.2,2.0,16
55,7,48,12.727272727272727,-34.0,-0.6181818181818182,0.2916666666666667,0.2,2.0,17
71,12,59,16.901408450704224,-35.0,-0.49295774647887325,0.4067796610169492,0.2,2.0,18
62,8,54,12.903225806451612,-38.0,-0.6129032258064516,0.2962962962962963,0.2,2.0,19
78,16,62,20.51282051282051,-30.0,-0.38461538461538464,0.5161290322580645,0.2,2.0,20
13,2,11,15.384615384615385,-7.0,-0.5384615384615384,0.36363636363636365,0.2,2.0,21
44,6,38,13.636363636363635,-26.0,-0.5909090909090909,0.3157894736842105,0.2,2.0,22
81,8,73,9.876543209876543,-57.0,-0.7037037037037037,0.2191780821917808,0.2,2.0,23
95,16,79,16.842105263157894,-39.0,-0.4105263157894737,0.5063291139240507,0.2,2.5,0
100,14,86,14.000000000000002,-51.0,-0.51,0.4069767441860465,0.2,2.5,1
75,11,64,14.666666666666666,-36.5,-0.4866666666666667,0.4296875,0.2,2.5,2
54,7,47,12.962962962962962,-29.5,-0.5462962962962963,0.3723404255319149,0.2,2.5,3
54,7,47,12.962962962962962,-29.5,-0.5462962962962963,0.3723404255319149,0.2,2.5,4
95,17,78,17.894736842105264,-35.5,-0.3736842105263158,0.5448717948717948,0.2,2.5,5
95,12,83,12.631578947368421,-53.0,-0.5578947368421052,0.3614457831325301,0.2,2.5,6
92,11,81,11.956521739130435,-53.5,-0.5815217391304348,0.3395061728395062,0.2,2.5,7
75,15,60,20.0,-22.5,-0.3,0.625,0.2,2.5,8
79,13,66,16.455696202531644,-33.5,-0.4240506329113924,0.49242424242424243,0.2,2.5,9
85,9,76,10.588235294117647,-53.5,-0.6294117647058823,0.29605263157894735,0.2,2.5,10
104,9,95,8.653846153846153,-72.5,-0.6971153846153846,0.23684210526315788,0.2,2.5,11
100,10,90,10.0,-65.0,-0.65,0.2777777777777778,0.2,2.5,12
130,17,113,13.076923076923078,-70.5,-0.5423076923076923,0.37610619469026546,0.2,2.5,13
96,17,79,17.708333333333336,-36.5,-0.3802083333333333,0.5379746835443038,0.2,2.5,14
61,9,52,14.754098360655737,-29.5,-0.48360655737704916,0.4326923076923077,0.2,2.5,15
59,10,49,16.94915254237288,-24.0,-0.4067796610169492,0.5102040816326531,0.2,2.5,16
55,7,48,12.727272727272727,-30.5,-0.5545454545454546,0.3645833333333333,0.2,2.5,17
71,11,60,15.492957746478872,-32.5,-0.45774647887323944,0.4583333333333333,0.2,2.5,18
62,7,55,11.29032258064516,-37.5,-0.6048387096774194,0.3181818181818182,0.2,2.5,19
78,14,64,17.94871794871795,-29.0,-0.3717948717948718,0.546875,0.2,2.5,20
13,2,11,15.384615384615385,-6.0,-0.46153846153846156,0.45454545454545453,0.2,2.5,21
44,6,38,13.636363636363635,-23.0,-0.5227272727272727,0.39473684210526316,0.2,2.5,22
81,8,73,9.876543209876543,-53.0,-0.654320987654321,0.273972602739726,0.2,2.5,23
95,15,80,15.789473684210526,-35.0,-0.3684210526315789,0.5625,0.2,3.0,0
100,11,89,11.0,-56.0,-0.56,0.3707865168539326,0.2,3.0,1
75,11,64,14.666666666666666,-31.0,-0.41333333333333333,0.515625,0.2,3.0,2
54,7,47,12.962962962962962,-26.0,-0.48148148148148145,0.44680851063829785,0.2,3.0,3
54,7,47,12.962962962962962,-26.0,-0.48148148148148145,0.44680851063829785,0.2,3.0,4
95,16,79,16.842105263157894,-31.0,-0.3263157894736842,0.6075949367088608,0.2,3.0,5
95,9,86,9.473684210526317,-59.0,-0.6210526315789474,0.313953488372093,0.2,3.0,6
92,11,81,11.956521739130435,-48.0,-0.5217391304347826,0.4074074074074074,0.2,3.0,7
75,13,62,17.333333333333336,-23.0,-0.30666666666666664,0.6290322580645161,0.2,3.0,8
79,12,67,15.18987341772152,-31.0,-0.3924050632911392,0.5373134328358209,0.2,3.0,9
85,8,77,9.411764705882353,-53.0,-0.6235294117647059,0.3116883116883117,0.2,3.0,10
104,8,96,7.6923076923076925,-72.0,-0.6923076923076923,0.25,0.2,3.0,11
100,7,93,7.000000000000001,-72.0,-0.72,0.22580645161290322,0.2,3.0,12
130,17,113,13.076923076923078,-62.0,-0.47692307692307695,0.45132743362831856,0.2,3.0,13
96,17,79,17.708333333333336,-28.0,-0.2916666666666667,0.6455696202531646,0.2,3.0,14
61,7,54,11.475409836065573,-33.0,-0.5409836065573771,0.3888888888888889,0.2,3.0,15
59,9,50,15.254237288135593,-23.0,-0.3898305084745763,0.54,0.2,3.0,16
55,6,49,10.909090909090908,-31.0,-0.5636363636363636,0.3673469387755102,0.2,3.0,17
71,10,61,14.084507042253522,-31.0,-0.43661971830985913,0.4918032786885246,0.2,3.0,18
62,6,56,9.67741935483871,-38.0,-0.6129032258064516,0.32142857142857145,0.2,3.0,19
78,12,66,15.384615384615385,-30.0,-0.38461538461538464,0.5454545454545454,0.2,3.0,20
13,2,11,15.384615384615385,-5.0,-0.38461538461538464,0.5454545454545454,0.2,3.0,21
44,4,40,9.090909090909092,-28.0,-0.6363636363636364,0.3,0.2,3.0,22
81,8,73,9.876543209876543,-49.0,-0.6049382716049383,0.3287671232876712,0.2,3.0,23
95,35,60,36.84210526315789,-33.75,-0.35526315789473684,0.4375,0.3,0.75,0
100,37,63,37.0,-35.25,-0.3525,0.44047619047619047,0.3,0.75,1
75,28,47,37.333333333333336,-26.0,-0.3466666666666667,0.44680851063829785,0.3,0.75,2
54,27,27,50.0,-6.75,-0.125,0.75,0.3,0.75,3
54,20,34,37.03703703703704,-19.0,-0.35185185185185186,0.4411764705882353,0.3,0.75,4
95,31,64,32.631578947368425,-40.75,-0.42894736842105263,0.36328125,0.3,0.75,5
95,33,62,34.73684210526316,-37.25,-0.39210526315789473,0.39919354838709675,0.3,0.75,6
92,34,58,36.95652173913043,-32.5,-0.3532608695652174,0.4396551724137931,0.3,0.75,7
75,25,50,33.33333333333333,-31.25,-0.4166666666666667,0.375,0.3,0.75,8
79,30,49,37.9746835443038,-26.5,-0.33544303797468356,0.45918367346938777,0.3,0.75,9
85,26,59,30.58823529411765,-39.5,-0.4647058823529412,0.3305084745762712,0.3,0.75,10
104,31,73,29.807692307692307,-49.75,-0.47836538461538464,0.3184931506849315,0.3,0.75,11
100,36,64,36.0,-37.0,-0.37,0.421875,0.3,0.75,12
130,42,88,32.30769230769231,-56.5,-0.4346153846153846,0.35795454545454547,0.3,0.75,13
96,34,62,35.41666666666667,-36.5,-0.3802083333333333,0.4112903225806452,0.3,0.75,14
61,32,29,52.459016393442624,-5.0,-0.08196721311475409,0.8275862068965517,0.3,0.75,15
59,27,32,45.76271186440678,-11.75,-0.19915254237288135,0.6328125,0.3,0.75,16
55,20,35,36.36363636363637,-20.0,-0.36363636363636365,0.42857142857142855,0.3,0.75,17
71,26,45,36.61971830985916,-25.5,-0.3591549295774648,0.43333333333333335,0.3,0.75,18
62,21,41,33.87096774193548,-25.25,-0.40725806451612906,0.38414634146341464,0.3,0.75,19
78,26,52,33.33333333333333,-32.5,-0.4166666666666667,0.375,0.3,0.75,20
13,7,6,53.84615384615385,-0.75,-0.057692307692307696,0.875,0.3,0.75,21
44,14,30,31.818181818181817,-19.5,-0.4431818181818182,0.35,0.3,0.75,22
81,24,57,29.629629629629626,-39.0,-0.48148148148148145,0.3157894736842105,0.3,0.75,23
95,33,62,34.73684210526316,-29.0,-0.30526315789473685,0.532258064516129,0.3,1.0,0
100,34,66,34.0,-32.0,-0.32,0.5151515151515151,0.3,1.0,1
75,25,50,33.33333333333333,-25.0,-0.3333333333333333,0.5,0.3,1.0,2
54,23,31,42.592592592592595,-8.0,-0.14814814814814814,0.7419354838709677,0.3,1.0,3
54,19,35,35.18518518518518,-16.0,-0.2962962962962963,0.5428571428571428,0.3,1.0,4
95,28,67,29.47368421052631,-39.0,-0.4105263157894737,0.417910447761194,0.3,1.0,5
95,27,68,28.421052631578945,-41.0,-0.43157894736842106,0.39705882352941174,0.3,1.0,6
92,26,66,28.26086956521739,-40.0,-0.43478260869565216,0.3939393939393939,0.3,1.0,7
75,22,53,29.333333333333332,-31.0,-0.41333333333333333,0.41509433962264153,0.3,1.0,8
79,27,52,34.177215189873415,-25.0,-0.31645569620253167,0.5192307692307693,0.3,1.0,9
85,24,61,28.235294117647058,-37.0,-0.43529411764705883,0.39344262295081966,0.3,1.0,10
104,26,78,25.0,-52.0,-0.5,0.3333333333333333,0.3,1.0,11
100,32,68,32.0,-36.0,-0.36,0.47058823529411764,0.3,1.0,12
130,40,90,30.76923076923077,-50.0,-0.38461538461538464,0.4444444444444444,0.3,1.0,13
96,29,67,30.208333333333332,-38.0,-0.3958333333333333,0.43283582089552236,0.3,1.0,14
61,25,36,40.98360655737705,-11.0,-0.18032786885245902,0.6944444444444444,0.3,1.0,15
59,22,37,37.28813559322034,-15.0,-0.2542372881355932,0.5945945945945946,0.3,1.0,16
55,19,36,34.54545454545455,-17.0,-0.3090909090909091,0.5277777777777778,0.3,1.0,17
71,23,48,32.3943661971831,-25.0,-0.352112676056338,0.4791666666666667,0.3,1.0,18
62,18,44,29.03225806451613,-26.0,-0.41935483870967744,0.4090909090909091,0.3,1.0,19
78,23,55,29.48717948717949,-32.0,-0.41025641025641024,0.41818181818181815,0.3,1.0,20
13,4,9,30.76923076923077,-5.0,-0.38461538461538464,0.4444444444444444,0.3,1.0,21
44,13,31,29.545454545454547,-18.0,-0.4090909090909091,0.41935483870967744,0.3,1.0,22
81,22,59,27.160493827160494,-37.0,-0.4567901234567901,0.3728813559322034,0.3,1.0,23
95,31,64,32.631578947368425,-25.25,-0.2657894736842105,0.60546875,0.3,1.25,0
100,30,70,30.0,-32.5,-0.325,0.5357142857142857,0.3,1.25,1
75,22,53,29.333333333333332,-25.5,-0.34,0.5188679245283019,0.3,1.25,2
54,20,34,37.03703703703704,-9.0,-0.16666666666666666,0.7352941176470589,0.3,1.25,3
54,18,36,33.33333333333333,-13.5,-0.25,0.625,0.3,1.25,4
95,22,73,23.157894736842106,-45.5,-0.4789473684210526,0.3767123287671233,0.3,1.25,5
95,24,71,25.263157894736842,-41.0,-0.43157894736842106,0.4225352112676056,0.3,1.25,6
92,24,68,26.08695652173913,-38.0,-0.41304347826086957,0.4411764705882353,0.3,1.25,7
75,21,54,28.000000000000004,-27.75,-0.37,0.4861111111111111,0.3,1.25,8
79,23,56,29.11392405063291,-27.25,-0.3449367088607595,0.5133928571428571,0.3,1.25,9
85,21,64,24.705882352941178,-37.75,-0.4441176470588235,0.41015625,0.3,1.25,10
104,19,85,18.269230769230766,-61.25,-0.5889423076923077,0.27941176470588236,0.3,1.25,11
100,25,75,25.0,-43.75,-0.4375,0.4166666666666667,0.3,1.25,12
130,36,94,27.692307692307693,-49.0,-0.3769230769230769,0.4787234042553192,0.3,1.25,13
96,28,68,29.166666666666668,-33.0,-0.34375,0.5147058823529411,0.3,1.25,14
61,21,40,34.42622950819672,-13.75,-0.22540983606557377,0.65625,0.3,1.25,15
59,21,38,35.59322033898305,-11.75,-0.19915254237288135,0.6907894736842105,0.3,1.25,16
55,16,39,29.09090909090909,-19.0,-0.34545454545454546,0.5128205128205128,0.3,1.25,17
71,22,49,30.985915492957744,-21.5,-0.3028169014084507,0.5612244897959183,0.3,1.25,18
62,16,46,25.806451612903224,-26.0,-0.41935483870967744,0.43478260869565216,0.3,1.25,19
78,21,57,26.923076923076923,-30.75,-0.3942307692307692,0.4605263157894737,0.3,1.25,20
13,3,10,23.076923076923077,-6.25,-0.4807692307692308,0.375,0.3,1.25,21
44,11,33,25.0,-19.25,-0.4375,0.4166666666666667,0.3,1.25,22
81,20,61,24.691358024691358,-36.0,-0.4444444444444444,0.4098360655737705,0.3,1.25,23
95,27,68,28.421052631578945,-27.5,-0.2894736842105263,0.5955882352941176,0.3,1.5,0
100,28,72,28.000000000000004,-30.0,-0.3,0.5833333333333334,0.3,1.5,1
75,19,56,25.333333333333336,-27.5,-0.36666666666666664,0.5089285714285714,0.3,1.5,2
54,18,36,33.33333333333333,-9.0,-0.16666666666666666,0.75,0.3,1.5,3
54,16,38,29.629629629629626,-14.0,-0.25925925925925924,0.631578947368421,0.3,1.5,4
95,21,74,22.105263157894736,-42.5,-0.4473684210526316,0.42567567567567566,0.3,1.5,5
95,22,73,23.157894736842106,-40.0,-0.42105263157894735,0.4520547945205479,0.3,1.5,6
92,23,69,25.0,-34.5,-0.375,0.5,0.3,1.5,7
75,20,55,26.666666666666668,-25.0,-0.3333333333333333,0.5454545454545454,0.3,1.5,8
79,18,61,22.78481012658228,-34.0,-0.43037974683544306,0.4426229508196721,0.3,1.5,9
85,20,65,23.52941176470588,-35.0,-0.4117647058823529,0.46153846153846156,0.3,1.5,10
104,18,86,17.307692307692307,-59.0,-0.5673076923076923,0.313953488372093,0.3,1.5,11
100,22,78,22.0,-45.0,-0.45,0.4230769230769231,0.3,1.5,12
130,32,98,24.615384615384617,-50.0,-0.38461538461538464,0.4897959183673469,0.3,1.5,13
96,26,70,27.083333333333332,-31.0,-0.3229166666666667,0.5571428571428572,0.3,1.5,14
61,17,44,27.86885245901639,-18.5,-0.30327868852459017,0.5795454545454546,0.3,1.5,15
59,17,42,28.8135593220339,-16.5,-0.2796610169491525,0.6071428571428571,0.3,1.5,16
55,14,41,25.454545454545453,-20.0,-0.36363636363636365,0.5121951219512195,0.3,1.5,17
71,20,51,28.169014084507044,-21.0,-0.29577464788732394,0.5882352941176471,0.3,1.5,18
62,15,47,24.193548387096776,-24.5,-0.3951612903225806,0.4787234042553192,0.3,1.5,19
78,20,58,25.64102564102564,-28.0,-0.358974358974359,0.5172413793103449,0.3,1.5,20
13,3,10,23.076923076923077,-5.5,-0.4230769230769231,0.45,0.3,1.5,21
44,10,34,22.727272727272727,-19.0,-0.4318181818181818,0.4411764705882353,0.3,1.5,22
81,15,66,18.51851851851852,-43.5,-0.5370370370370371,0.3409090909090909,0.3,1.5,23
95,19,76,20.0,-38.0,-0.4,0.5,0.3,2.0,0
100,24,76,24.0,-28.0,-0.28,0.631578947368421,0.3,2.0,1
75,13,62,17.333333333333336,-36.0,-0.48,0.41935483870967744,0.3,2.0,2
54,11,43,20.37037037037037,-21.0,-0.3888888888888889,0.5116279069767442,0.3,2.0,3
54,11,43,20.37037037037037,-21.0,-0.3888888888888889,0.5116279069767442,0.3,2.0,4
95,20,75,21.052631578947366,-35.0,-0.3684210526315789,0.5333333333333333,0.3,2.0,5
95,16,79,16.842105263157894,-47.0,-0.49473684210526314,0.4050632911392405,0.3,2.0,6
92,17,75,18.478260869565215,-41.0,-0.44565217391304346,0.4533333333333333,0.3,2.0,7
75,17,58,22.666666666666664,-24.0,-0.32,0.5862068965517241,0.3,2.0,8
79,14,65,17.72151898734177,-37.0,-0.46835443037974683,0.4307692307692308,0.3,2.0,9
85,16,69,18.823529411764707,-37.0,-0.43529411764705883,0.463768115942029,0.3,2.0,10
104,13,91,12.5,-65.0,-0.625,0.2857142857142857,0.3,2.0,11
100,20,80,20.0,-40.0,-0.4,0.5,0.3,2.0,12
130,28,102,21.53846153846154,-46.0,-0.35384615384615387,0.5490196078431373,0.3,2.0,13
96,23,73,23.958333333333336,-27.0,-0.28125,0.6301369863013698,0.3,2.0,14
61,13,48,21.311475409836063,-22.0,-0.36065573770491804,0.5416666666666666,0.3,2.0,15
59,15,44,25.423728813559322,-14.0,-0.23728813559322035,0.6818181818181818,0.3,2.0,16
55,10,45,18.181818181818183,-25.0,-0.45454545454545453,0.4444444444444444,0.3,2.0,17
71,16,55,22.535211267605636,-23.0,-0.323943661971831,0.5818181818181818,0.3,2.0,18
62,11,51,17.741935483870968,-29.0,-0.46774193548387094,0.43137254901960786,0.3,2.0,19
78,19,59,24.358974358974358,-21.0,-0.2692307692307692,0.6440677966101694,0.3,2.0,20
13,3,10,23.076923076923077,-4.0,-0.3076923076923077,0.6,0.3,2.0,21
44,9,35,20.454545454545457,-17.0,-0.38636363636363635,0.5142857142857142,0.3,2.0,22
81,14,67,17.28395061728395,-39.0,-0.48148148148148145,0.417910447761194,0.3,2.0,23
95,18,77,18.947368421052634,-32.0,-0.3368421052631579,0.5844155844155844,0.3,2.5,0
100,21,79,21.0,-26.5,-0.265,0.6645569620253164,0.3,2.5,1
75,13,62,17.333333333333336,-29.5,-0.3933333333333333,0.5241935483870968,0.3,2.5,2
54,11,43,20.37037037037037,-15.5,-0.28703703703703703,0.6395348837209303,0.3,2.5,3
54,10,44,18.51851851851852,-19.0,-0.35185185185185186,0.5681818181818182,0.3,2.5,4
95,19,76,20.0,-28.5,-0.3,0.625,0.3,2.5,5
95,15,80,15.789473684210526,-42.5,-0.4473684210526316,0.46875,0.3,2.5,6
92,14,78,15.217391304347828,-43.0,-0.4673913043478261,0.44871794871794873,0.3,2.5,7
75,14,61,18.666666666666668,-26.0,-0.3466666666666667,0.5737704918032787,0.3,2.5,8
79,14,65,17.72151898734177,-30.0,-0.379746835443038,0.5384615384615384,0.3,2.5,9
85,14,71,16.470588235294116,-36.0,-0.4235294117647059,0.49295774647887325,0.3,2.5,10
104,11,93,10.576923076923077,-65.5,-0.6298076923076923,0.2956989247311828,0.3,2.5,11
100,17,83,17.0,-40.5,-0.405,0.5120481927710844,0.3,2.5,12
130,27,103,20.76923076923077,-35.5,-0.27307692307692305,0.6553398058252428,0.3,2.5,13
96,23,73,23.958333333333336,-15.5,-0.16145833333333334,0.7876712328767124,0.3,2.5,14
61,10,51,16.39344262295082,-26.0,-0.4262295081967213,0.49019607843137253,0.3,2.5,15
59,14,45,23.728813559322035,-10.0,-0.1694915254237288,0.7777777777777778,0.3,2.5,16
55,9,46,16.363636363636363,-23.5,-0.42727272727272725,0.4891304347826087,0.3,2.5,17
71,15,56,21.12676056338028,-18.5,-0.2605633802816901,0.6696428571428571,0.3,2.5,18
62,8,54,12.903225806451612,-34.0,-0.5483870967741935,0.37037037037037035,0.3,2.5,19
78,16,62,20.51282051282051,-22.0,-0.28205128205128205,0.6451612903225806,0.3,2.5,20
13,3,10,23.076923076923077,-2.5,-0.19230769230769232,0.75,0.3,2.5,21
44,7,37,15.909090909090908,-19.5,-0.4431818181818182,0.47297297297297297,0.3,2.5,22
81,13,68,16.049382716049383,-35.5,-0.4382716049382716,0.47794117647058826,0.3,2.5,23
95,14,81,14.736842105263156,-39.0,-0.4105263157894737,0.5185185185185185,0.3,3.0,0
100,18,82,18.0,-28.0,-0.28,0.6585365853658537,0.3,3.0,1
75,13,62,17.333333333333336,-23.0,-0.30666666666666664,0.6290322580645161,0.3,3.0,2
54,11,43,20.37037037037037,-10.0,-0.18518518518518517,0.7674418604651163,0.3,3.0,3
54,10,44,18.51851851851852,-14.0,-0.25925925925925924,0.6818181818181818,0.3,3.0,4
95,16,79,16.842105263157894,-31.0,-0.3263157894736842,0.6075949367088608,0.3,3.0,5
95,12,83,12.631578947368421,-47.0,-0.49473684210526314,0.43373493975903615,0.3,3.0,6
92,14,78,15.217391304347828,-36.0,-0.391304347826087,0.5384615384615384,0.3,3.0,7
75,14,61,18.666666666666668,-19.0,-0.25333333333333335,0.6885245901639344,0.3,3.0,8
79,9,70,11.39240506329114,-43.0,-0.5443037974683544,0.38571428571428573,0.3,3.0,9
85,11,74,12.941176470588237,-41.0,-0.4823529411764706,0.44594594594594594,0.3,3.0,10
104,10,94,9.615384615384617,-64.0,-0.6153846153846154,0.3191489361702128,0.3,3.0,11
100,12,88,12.0,-52.0,-0.52,0.4090909090909091,0.3,3.0,12
130,25,105,19.230769230769234,-30.0,-0.23076923076923078,0.7142857142857143,0.3,3.0,13
96,22,74,22.916666666666664,-8.0,-0.08333333333333333,0.8918918918918919,0.3,3.0,14
61,9,52,14.754098360655737,-25.0,-0.4098360655737705,0.5192307692307693,0.3,3.0,15
59,14,45,23.728813559322035,-3.0,-0.05084745762711865,0.9333333333333333,0.3,3.0,16
55,7,48,12.727272727272727,-27.0,-0.4909090909090909,0.4375,0.3,3.0,17
71,13,58,18.30985915492958,-19.0,-0.2676056338028169,0.6724137931034483,0.3,3.0,18
62,8,54,12.903225806451612,-30.0,-0.4838709677419355,0.4444444444444444,0.3,3.0,19
78,14,64,17.94871794871795,-22.0,-0.28205128205128205,0.65625,0.3,3.0,20
13,2,11,15.384615384615385,-5.0,-0.38461538461538464,0.5454545454545454,0.3,3.0,21
44,6,38,13.636363636363635,-20.0,-0.45454545454545453,0.47368421052631576,0.3,3.0,22
81,8,73,9.876543209876543,-49.0,-0.6049382716049383,0.3287671232876712,0.3,3.0,23
95,46,49,48.421052631578945,-14.5,-0.15263157894736842,0.7040816326530612,0.5,0.75,0
100,43,57,43.0,-24.75,-0.2475,0.5657894736842105,0.5,0.75,1
75,35,40,46.666666666666664,-13.75,-0.18333333333333332,0.65625,0.5,0.75,2
54,32,22,59.25925925925925,2.0,0.037037037037037035,1.0909090909090908,0.5,0.75,3
54,23,31,42.592592592592595,-13.75,-0.25462962962962965,0.5564516129032258,0.5,0.75,4
95,45,50,47.368421052631575,-16.25,-0.17105263157894737,0.675,0.5,0.75,5
95,43,52,45.26315789473684,-19.75,-0.20789473684210527,0.6201923076923077,0.5,0.75,6
92,41,51,44.565217391304344,-20.25,-0.22010869565217392,0.6029411764705882,0.5,0.75,7
75,38,37,50.66666666666667,-8.5,-0.11333333333333333,0.7702702702702703,0.5,0.75,8
79,37,42,46.835443037974684,-14.25,-0.18037974683544303,0.6607142857142857,0.5,0.75,9
85,34,51,40.0,-25.5,-0.3,0.5,0.5,0.75,10
104,43,61,41.34615384615385,-28.75,-0.2764423076923077,0.5286885245901639,0.5,0.75,11
100,54,46,54.0,-5.5,-0.055,0.8804347826086957,0.5,0.75,12
130,54,76,41.53846153846154,-35.5,-0.27307692307692305,0.5328947368421053,0.5,0.75,13
96,49,47,51.041666666666664,-10.25,-0.10677083333333333,0.7819148936170213,0.5,0.75,14
61,31,30,50.81967213114754,-6.75,-0.11065573770491803,0.775,0.5,0.75,15
59,31,28,52.54237288135594,-4.75,-0.08050847457627118,0.8303571428571429,0.5,0.75,16
55,26,29,47.27272727272727,-9.5,-0.17272727272727273,0.6724137931034483,0.5,0.75,17
71,38,33,53.52112676056338,-4.5,-0.06338028169014084,0.8636363636363636,0.5,0.75,18
62,32,30,51.61290322580645,-6.0,-0.0967741935483871,0.8,0.5,0.75,19
78,34,44,43.58974358974359,-18.5,-0.23717948717948717,0.5795454545454546,0.5,0.75,20
13,5,8,38.46153846153847,-4.25,-0.3269230769230769,0.46875,0.5,0.75,21
44,18,26,40.909090909090914,-12.5,-0.2840909090909091,0.5192307692307693,0.5,0.75,22
81,37,44,45.67901234567901,-16.25,-0.2006172839506173,0.6306818181818182,0.5,0.75,23
95,42,53,44.21052631578947,-11.0,-0.11578947368421053,0.7924528301886793,0.5,1.0,0
100,39,61,39.0,-22.0,-0.22,0.639344262295082,0.5,1.0,1
75,29,46,38.666666666666664,-17.0,-0.22666666666666666,0.6304347826086957,0.5,1.0,2
54,27,27,50.0,0.0,0.0,1.0,0.5,1.0,3
54,21,33,38.88888888888889,-12.0,-0.2222222222222222,0.6363636363636364,0.5,1.0,4
95,38,57,40.0,-19.0,-0.2,0.6666666666666666,0.5,1.0,5
95,40,55,42.10526315789473,-15.0,-0.15789473684210525,0.7272727272727273,0.5,1.0,6
92,37,55,40.21739130434783,-18.0,-0.1956521739130435,0.6727272727272727,0.5,1.0,7
75,34,41,45.33333333333333,-7.0,-0.09333333333333334,0.8292682926829268,0.5,1.0,8
79,35,44,44.303797468354425,-9.0,-0.11392405063291139,0.7954545454545454,0.5,1.0,9
85,29,56,34.11764705882353,-27.0,-0.3176470588235294,0.5178571428571429,0.5,1.0,10
104,34,70,32.69230769230769,-36.0,-0.34615384615384615,0.4857142857142857,0.5,1.0,11
100,44,56,44.0,-12.0,-0.12,0.7857142857142857,0.5,1.0,12
130,48,82,36.92307692307693,-34.0,-0.26153846153846155,0.5853658536585366,0.5,1.0,13
96,43,53,44.79166666666667,-10.0,-0.10416666666666667,0.8113207547169812,0.5,1.0,14
61,27,34,44.26229508196721,-7.0,-0.11475409836065574,0.7941176470588235,0.5,1.0,15
59,28,31,47.45762711864407,-3.0,-0.05084745762711865,0.9032258064516129,0.5,1.0,16
55,23,32,41.81818181818181,-9.0,-0.16363636363636364,0.71875,0.5,1.0,17
71,36,35,50.70422535211267,1.0,0.014084507042253521,1.0285714285714285,0.5,1.0,18
62,29,33,46.774193548387096,-4.0,-0.06451612903225806,0.8787878787878788,0.5,1.0,19
78,30,48,38.46153846153847,-18.0,-0.23076923076923078,0.625,0.5,1.0,20
13,4,9,30.76923076923077,-5.0,-0.38461538461538464,0.4444444444444444,0.5,1.0,21
44,15,29,34.090909090909086,-14.0,-0.3181818181818182,0.5172413793103449,0.5,1.0,22
81,33,48,40.74074074074074,-15.0,-0.18518518518518517,0.6875,0.5,1.0,23
95,36,59,37.89473684210527,-14.0,-0.14736842105263157,0.7627118644067796,0.5,1.25,0
100,37,63,37.0,-16.75,-0.1675,0.7341269841269841,0.5,1.25,1
75,25,50,33.33333333333333,-18.75,-0.25,0.625,0.5,1.25,2
54,25,29,46.2962962962963,2.25,0.041666666666666664,1.0775862068965518,0.5,1.25,3
54,19,35,35.18518518518518,-11.25,-0.20833333333333334,0.6785714285714286,0.5,1.25,4
95,33,62,34.73684210526316,-20.75,-0.21842105263157896,0.6653225806451613,0.5,1.25,5
95,39,56,41.05263157894737,-7.25,-0.07631578947368421,0.8705357142857143,0.5,1.25,6
92,33,59,35.869565217391305,-17.75,-0.19293478260869565,0.6991525423728814,0.5,1.25,7
75,32,43,42.66666666666667,-3.0,-0.04,0.9302325581395349,0.5,1.25,8
79,27,52,34.177215189873415,-18.25,-0.2310126582278481,0.6490384615384616,0.5,1.25,9
85,27,58,31.76470588235294,-24.25,-0.2852941176470588,0.5818965517241379,0.5,1.25,10
104,28,76,26.923076923076923,-41.0,-0.3942307692307692,0.4605263157894737,0.5,1.25,11
100,35,65,35.0,-21.25,-0.2125,0.6730769230769231,0.5,1.25,12
130,41,89,31.538461538461537,-37.75,-0.2903846153846154,0.5758426966292135,0.5,1.25,13
96,37,59,38.54166666666667,-12.75,-0.1328125,0.7838983050847458,0.5,1.25,14
61,22,39,36.0655737704918,-11.5,-0.1885245901639344,0.7051282051282052,0.5,1.25,15
59,24,35,40.67796610169492,-5.0,-0.0847457627118644,0.8571428571428571,0.5,1.25,16
55,19,36,34.54545454545455,-12.25,-0.22272727272727272,0.6597222222222222,0.5,1.25,17
71,31,40,43.66197183098591,-1.25,-0.017605633802816902,0.96875,0.5,1.25,18
62,26,36,41.935483870967744,-3.5,-0.056451612903225805,0.9027777777777778,0.5,1.25,19
78,27,51,34.61538461538461,-17.25,-0.22115384615384615,0.6617647058823529,0.5,1.25,20
13,4,9,30.76923076923077,-4.0,-0.3076923076923077,0.5555555555555556,0.5,1.25,21
44,14,30,31.818181818181817,-12.5,-0.2840909090909091,0.5833333333333334,0.5,1.25,22
81,27,54,33.33333333333333,-20.25,-0.25,0.625,0.5,1.25,23
95,33,62,34.73684210526316,-12.5,-0.13157894736842105,0.7983870967741935,0.5,1.5,0
100,33,67,33.0,-17.5,-0.175,0.7388059701492538,0.5,1.5,1
75,19,56,25.333333333333336,-27.5,-0.36666666666666664,0.5089285714285714,0.5,1.5,2
54,21,33,38.88888888888889,-1.5,-0.027777777777777776,0.9545454545454546,0.5,1.5,3
54,17,37,31.48148148148148,-11.5,-0.21296296296296297,0.6891891891891891,0.5,1.5,4
95,32,63,33.68421052631579,-15.0,-0.15789473684210525,0.7619047619047619,0.5,1.5,5
95,35,60,36.84210526315789,-7.5,-0.07894736842105263,0.875,0.5,1.5,6
92,29,63,31.521739130434785,-19.5,-0.21195652173913043,0.6904761904761905,0.5,1.5,7
75,32,43,42.66666666666667,5.0,0.06666666666666667,1.1162790697674418,0.5,1.5,8
79,23,56,29.11392405063291,-21.5,-0.2721518987341772,0.6160714285714286,0.5,1.5,9
85,23,62,27.058823529411764,-27.5,-0.3235294117647059,0.5564516129032258,0.5,1.5,10
104,22,82,21.153846153846153,-49.0,-0.47115384615384615,0.4024390243902439,0.5,1.5,11
100,32,68,32.0,-20.0,-0.2,0.7058823529411765,0.5,1.5,12
130,38,92,29.230769230769234,-35.0,-0.2692307692307692,0.6195652173913043,0.5,1.5,13
96,36,60,37.5,-6.0,-0.0625,0.9,0.5,1.5,14
61,21,40,34.42622950819672,-8.5,-0.13934426229508196,0.7875,0.5,1.5,15
59,21,38,35.59322033898305,-6.5,-0.11016949152542373,0.8289473684210527,0.5,1.5,16
55,17,38,30.909090909090907,-12.5,-0.22727272727272727,0.6710526315789473,0.5,1.5,17
71,27,44,38.028169014084504,-3.5,-0.04929577464788732,0.9204545454545454,0.5,1.5,18
62,23,39,37.096774193548384,-4.5,-0.07258064516129033,0.8846153846153846,0.5,1.5,19
78,25,53,32.05128205128205,-15.5,-0.1987179487179487,0.7075471698113207,0.5,1.5,20
13,4,9,30.76923076923077,-3.0,-0.23076923076923078,0.6666666666666666,0.5,1.5,21
44,13,31,29.545454545454547,-11.5,-0.26136363636363635,0.6290322580645161,0.5,1.5,22
81,25,56,30.864197530864196,-18.5,-0.22839506172839505,0.6696428571428571,0.5,1.5,23
95,27,68,28.421052631578945,-14.0,-0.14736842105263157,0.7941176470588235,0.5,2.0,0
100,31,69,31.0,-7.0,-0.07,0.8985507246376812,0.5,2.0,1
75,19,56,25.333333333333336,-18.0,-0.24,0.6785714285714286,0.5,2.0,2
54,17,37,31.48148148148148,-3.0,-0.05555555555555555,0.918918918918919,0.5,2.0,3
54,13,41,24.074074074074073,-15.0,-0.2777777777777778,0.6341463414634146,0.5,2.0,4
95,27,68,28.421052631578945,-14.0,-0.14736842105263157,0.7941176470588235,0.5,2.0,5
95,29,66,30.526315789473685,-8.0,-0.08421052631578947,0.8787878787878788,0.5,2.0,6
92,19,73,20.652173913043477,-35.0,-0.3804347826086957,0.5205479452054794,0.5,2.0,7
75,27,48,36.0,6.0,0.08,1.125,0.5,2.0,8
79,20,59,25.31645569620253,-19.0,-0.24050632911392406,0.6779661016949152,0.5,2.0,9
85,20,65,23.52941176470588,-25.0,-0.29411764705882354,0.6153846153846154,0.5,2.0,10
104,15,89,14.423076923076922,-59.0,-0.5673076923076923,0.33707865168539325,0.5,2.0,11
100,29,71,28.999999999999996,-13.0,-0.13,0.8169014084507042,0.5,2.0,12
130,35,95,26.923076923076923,-25.0,-0.19230769230769232,0.7368421052631579,0.5,2.0,13
96,33,63,34.375,3.0,0.03125,1.0476190476190477,0.5,2.0,14
61,16,45,26.229508196721312,-13.0,-0.21311475409836064,0.7111111111111111,0.5,2.0,15
59,21,38,35.59322033898305,4.0,0.06779661016949153,1.105263157894737,0.5,2.0,16
55,13,42,23.636363636363637,-16.0,-0.2909090909090909,0.6190476190476191,0.5,2.0,17
71,24,47,33.80281690140845,1.0,0.014084507042253521,1.0212765957446808,0.5,2.0,18
62,18,44,29.03225806451613,-8.0,-0.12903225806451613,0.8181818181818182,0.5,2.0,19
78,21,57,26.923076923076923,-15.0,-0.19230769230769232,0.7368421052631579,0.5,2.0,20
13,4,9,30.76923076923077,-1.0,-0.07692307692307693,0.8888888888888888,0.5,2.0,21
44,9,35,20.454545454545457,-17.0,-0.38636363636363635,0.5142857142857142,0.5,2.0,22
81,22,59,27.160493827160494,-15.0,-0.18518518518518517,0.7457627118644068,0.5,2.0,23
95,20,75,21.052631578947366,-25.0,-0.2631578947368421,0.6666666666666666,0.5,2.5,0
100,28,72,28.000000000000004,-2.0,-0.02,0.9722222222222222,0.5,2.5,1
75,19,56,25.333333333333336,-8.5,-0.11333333333333333,0.8482142857142857,0.5,2.5,2
54,13,41,24.074074074074073,-8.5,-0.1574074074074074,0.7926829268292683,0.5,2.5,3
54,13,41,24.074074074074073,-8.5,-0.1574074074074074,0.7926829268292683,0.5,2.5,4
95,22,73,23.157894736842106,-18.0,-0.18947368421052632,0.7534246575342466,0.5,2.5,5
95,22,73,23.157894736842106,-18.0,-0.18947368421052632,0.7534246575342466,0.5,2.5,6
92,19,73,20.652173913043477,-25.5,-0.27717391304347827,0.6506849315068494,0.5,2.5,7
75,24,51,32.0,9.0,0.12,1.1764705882352942,0.5,2.5,8
79,15,64,18.9873417721519,-26.5,-0.33544303797468356,0.5859375,0.5,2.5,9
85,18,67,21.176470588235293,-22.0,-0.25882352941176473,0.6716417910447762,0.5,2.5,10
104,12,92,11.538461538461538,-62.0,-0.5961538461538461,0.32608695652173914,0.5,2.5,11
100,22,78,22.0,-23.0,-0.23,0.7051282051282052,0.5,2.5,12
130,34,96,26.153846153846157,-11.0,-0.08461538461538462,0.8854166666666666,0.5,2.5,13
96,29,67,30.208333333333332,5.5,0.057291666666666664,1.0820895522388059,0.5,2.5,14
61,14,47,22.950819672131146,-12.0,-0.19672131147540983,0.7446808510638298,0.5,2.5,15
59,19,40,32.20338983050847,7.5,0.1271186440677966,1.1875,0.5,2.5,16
55,11,44,20.0,-16.5,-0.3,0.625,0.5,2.5,17
71,20,51,28.169014084507044,-1.0,-0.014084507042253521,0.9803921568627451,0.5,2.5,18
62,16,46,25.806451612903224,-6.0,-0.0967741935483871,0.8695652173913043,0.5,2.5,19
78,19,59,24.358974358974358,-11.5,-0.14743589743589744,0.8050847457627118,0.5,2.5,20
13,3,10,23.076923076923077,-2.5,-0.19230769230769232,0.75,0.5,2.5,21
44,8,36,18.181818181818183,-16.0,-0.36363636363636365,0.5555555555555556,0.5,2.5,22
81,15,66,18.51851851851852,-28.5,-0.35185185185185186,0.5681818181818182,0.5,2.5,23
95,18,77,18.947368421052634,-23.0,-0.24210526315789474,0.7012987012987013,0.5,3.0,0
100,25,75,25.0,0.0,0.0,1.0,0.5,3.0,1
75,15,60,20.0,-15.0,-0.2,0.75,0.5,3.0,2
54,11,43,20.37037037037037,-10.0,-0.18518518518518517,0.7674418604651163,0.5,3.0,3
54,12,42,22.22222222222222,-6.0,-0.1111111111111111,0.8571428571428571,0.5,3.0,4
95,19,76,20.0,-19.0,-0.2,0.75,0.5,3.0,5
95,17,78,17.894736842105264,-27.0,-0.28421052631578947,0.6538461538461539,0.5,3.0,6
92,18,74,19.565217391304348,-20.0,-0.21739130434782608,0.7297297297297297,0.5,3.0,7
75,22,53,29.333333333333332,13.0,0.17333333333333334,1.2452830188679245,0.5,3.0,8
79,14,65,17.72151898734177,-23.0,-0.2911392405063291,0.6461538461538462,0.5,3.0,9
85,14,71,16.470588235294116,-29.0,-0.3411764705882353,0.5915492957746479,0.5,3.0,10
104,11,93,10.576923076923077,-60.0,-0.5769230769230769,0.3548387096774194,0.5,3.0,11
100,19,81,19.0,-24.0,-0.24,0.7037037037037037,0.5,3.0,12
130,28,102,21.53846153846154,-18.0,-0.13846153846153847,0.8235294117647058,0.5,3.0,13
96,25,71,26.041666666666668,4.0,0.041666666666666664,1.056338028169014,0.5,3.0,14
61,11,50,18.0327868852459,-17.0,-0.2786885245901639,0.66,0.5,3.0,15
59,17,42,28.8135593220339,9.0,0.15254237288135594,1.2142857142857142,0.5,3.0,16
55,11,44,20.0,-11.0,-0.2,0.75,0.5,3.0,17
71,17,54,23.943661971830984,-3.0,-0.04225352112676056,0.9444444444444444,0.5,3.0,18
62,14,48,22.58064516129032,-6.0,-0.0967741935483871,0.875,0.5,3.0,19
78,18,60,23.076923076923077,-6.0,-0.07692307692307693,0.9,0.5,3.0,20
13,3,10,23.076923076923077,-1.0,-0.07692307692307693,0.9,0.5,3.0,21
44,7,37,15.909090909090908,-16.0,-0.36363636363636365,0.5675675675675675,0.5,3.0,22
81,14,67,17.28395061728395,-25.0,-0.30864197530864196,0.6268656716417911,0.5,3.0,23
