sl_atr,rr,trades,rsi_mean,rsi_median,rsi_min,rsi_max
0.5,0.5,1287,49.989064417401444,50.00470818784703,41.10087401858434,59.27126910897828
0.5,0.75,1287,49.989064417401444,50.00470818784703,41.10087401858434,59.27126910897828
0.5,1.0,1287,49.989064417401444,50.00470818784703,41.10087401858434,59.27126910897828
0.5,1.25,1287,49.989064417401444,50.00470818784703,41.10087401858434,59.27126910897828
0.5,1.5,1287,49.989064417401444,50.00470818784703,41.10087401858434,59.27126910897828
0.5,2.0,1287,49.989064417401444,50.00470818784703,41.10087401858434,59.27126910897828
0.5,2.5,1287,49.989064417401444,50.00470818784703,41.10087401858434,59.27126910897828
0.5,3.0,1287,49.989064417401444,50.00470818784703,41.10087401858434,59.27126910897828
0.75,0.5,1287,49.989064417401444,50.00470818784703,41.10087401858434,59.27126910897828
0.75,0.75,1287,49.989064417401444,50.00470818784703,41.10087401858434,59.27126910897828
0.75,1.0,1287,49.989064417401444,50.00470818784703,41.10087401858434,59.27126910897828
0.75,1.25,1287,49.989064417401444,50.00470818784703,41.10087401858434,59.27126910897828
0.75,1.5,1287,49.989064417401444,50.00470818784703,41.10087401858434,59.27126910897828
0.75,2.0,1287,49.989064417401444,50.00470818784703,41.10087401858434,59.27126910897828
0.75,2.5,1287,49.989064417401444,50.00470818784703,41.10087401858434,59.27126910897828
0.75,3.0,1287,49.989064417401444,50.00470818784703,41.10087401858434,59.27126910897828
1.0,0.5,1287,49.989064417401444,50.00470818784703,41.10087401858434,59.27126910897828
1.0,0.75,1287,49.989064417401444,50.00470818784703,41.10087401858434,59.27126910897828
1.0,1.0,1287,49.989064417401444,50.00470818784703,41.10087401858434,59.27126910897828
1.0,1.25,1287,49.989064417401444,50.00470818784703,41.10087401858434,59.27126910897828
1.0,1.5,1287,49.989064417401444,50.00470818784703,41.10087401858434,59.27126910897828
1.0,2.0,1287,49.989064417401444,50.00470818784703,41.10087401858434,59.27126910897828
1.0,2.5,1287,49.989064417401444,50.00470818784703,41.10087401858434,59.27126910897828
1.0,3.0,1287,49.989064417401444,50.00470818784703,41.10087401858434,59.27126910897828
1.25,0.5,1287,49.989064417401444,50.00470818784703,41.10087401858434,59.27126910897828
1.25,0.75,1287,49.989064417401444,50.00470818784703,41.10087401858434,59.27126910897828
1.25,1.0,1287,49.989064417401444,50.00470818784703,41.10087401858434,59.27126910897828
1.25,1.25,1287,49.989064417401444,50.00470818784703,41.10087401858434,59.27126910897828
1.25,1.5,1287,49.989064417401444,50.00470818784703,41.10087401858434,59.27126910897828
1.25,2.0,1287,49.989064417401444,50.00470818784703,41.10087401858434,59.27126910897828
1.25,2.5,1287,49.989064417401444,50.00470818784703,41.10087401858434,59.27126910897828
1.25,3.0,1287,49.989064417401444,50.00470818784703,41.10087401858434,59.27126910897828
1.5,0.5,1287,49.989064417401444,50.00470818784703,41.10087401858434,59.27126910897828
1.5,0.75,1287,49.989064417401444,50.00470818784703,41.10087401858434,59.27126910897828
1.5,1.0,1287,49.989064417401444,50.00470818784703,41.10087401858434,59.27126910897828
1.5,1.25,1287,49.989064417401444,50.00470818784703,41.10087401858434,59.27126910897828
1.5,1.5,1287,49.989064417401444,50.00470818784703,41.10087401858434,59.27126910897828
1.5,2.0,1287,49.989064417401444,50.00470818784703,41.10087401858434,59.27126910897828
1.5,2.5,1287,49.989064417401444,50.00470818784703,41.10087401858434,59.27126910897828
1.5,3.0,1287,49.989064417401444,50.00470818784703,41.10087401858434,59.27126910897828
2.0,0.5,1287,49.989064417401444,50.00470818784703,41.10087401858434,59.27126910897828
2.0,0.75,1287,49.989064417401444,50.00470818784703,41.10087401858434,59.27126910897828
2.0,1.0,1287,49.989064417401444,50.00470818784703,41.10087401858434,59.27126910897828
2.0,1.25,1287,49.989064417401444,50.00470818784703,41.10087401858434,59.27126910897828
2.0,1.5,1287,49.989064417401444,50.00470818784703,41.10087401858434,59.27126910897828
2.0,2.0,1287,49.989064417401444,50.00470818784703,41.10087401858434,59.27126910897828
2.0,2.5,1287,49.989064417401444,50.00470818784703,41.10087401858434,59.27126910897828
2.0,3.0,1287,49.989064417401444,50.00470818784703,41.10087401858434,59.27126910897828
2.5,0.5,1287,49.989064417401444,50.00470818784703,41.10087401858434,59.27126910897828
2.5,0.75,1287,49.989064417401444,50.00470818784703,41.10087401858434,59.27126910897828
2.5,1.0,1287,49.989064417401444,50.00470818784703,41.10087401858434,59.27126910897828
2.5,1.25,1287,49.989064417401444,50.00470818784703,41.10087401858434,59.27126910897828
2.5,1.5,1287,49.989064417401444,50.00470818784703,41.10087401858434,59.27126910897828
2.5,2.0,1287,49.989064417401444,50.00470818784703,41.10087401858434,59.27126910897828
2.5,2.5,1287,49.989064417401444,50.00470818784703,41.10087401858434,59.27126910897828
2.5,3.0,1287,49.989064417401444,50.00470818784703,41.10087401858434,59.27126910897828
3.0,0.5,1287,49.989064417401444,50.00470818784703,41.10087401858434,59.27126910897828
3.0,0.75,1287,49.989064417401444,50.00470818784703,41.10087401858434,59.27126910897828
3.0,1.0,1287,49.989064417401444,50.00470818784703,41.10087401858434,59.27126910897828
3.0,1.25,1287,49.989064417401444,50.00470818784703,41.10087401858434,59.27126910897828
3.0,1.5,1287,49.989064417401444,50.00470818784703,41.10087401858434,59.27126910897828
3.0,2.0,1287,49.989064417401444,50.00470818784703,41.10087401858434,59.27126910897828
3.0,2.5,1287,49.989064417401444,50.00470818784703,41.10087401858434,59.27126910897828
3.0,3.0,1287,49.989064417401444,50.00470818784703,41.10087401858434,59.27126910897828
3.5,0.5,1287,49.989064417401444,50.00470818784703,41.10087401858434,59.27126910897828
3.5,0.75,1287,49.989064417401444,50.00470818784703,41.10087401858434,59.27126910897828
3.5,1.0,1287,49.989064417401444,50.00470818784703,41.10087401858434,59.27126910897828
3.5,1.25,1287,49.989064417401444,50.00470818784703,41.10087401858434,59.27126910897828
3.5,1.5,1287,49.989064417401444,50.00470818784703,41.10087401858434,59.27126910897828
3.5,2.0,1287,49.989064417401444,50.00470818784703,41.10087401858434,59.27126910897828
3.5,2.5,1287,49.989064417401444,50.00470818784703,41.10087401858434,59.27126910897828
3.5,3.0,1287,49.989064417401444,50.00470818784703,41.10087401858434,59.27126910897828
4.0,0.5,1287,49.989064417401444,50.00470818784703,41.10087401858434,59.27126910897828
4.0,0.75,1287,49.989064417401444,50.00470818784703,41.10087401858434,59.27126910897828
4.0,1.0,1287,49.989064417401444,50.00470818784703,41.10087401858434,59.27126910897828
4.0,1.25,1287,49.989064417401444,50.00470818784703,41.10087401858434,59.27126910897828
4.0,1.5,1287,49.989064417401444,50.00470818784703,41.10087401858434,59.27126910897828
4.0,2.0,1287,49.989064417401444,50.00470818784703,41.10087401858434,59.27126910897828
4.0,2.5,1287,49.989064417401444,50.00470818784703,41.10087401858434,59.27126910897828
4.0,3.0,1287,49.989064417401444,50.00470818784703,41.10087401858434,59.27126910897828
5.0,0.5,1287,49.989064417401444,50.00470818784703,41.10087401858434,59.27126910897828
5.0,0.75,1287,49.989064417401444,50.00470818784703,41.10087401858434,59.27126910897828
5.0,1.0,1287,49.989064417401444,50.00470818784703,41.10087401858434,59.27126910897828
5.0,1.25,1287,49.989064417401444,50.00470818784703,41.10087401858434,59.27126910897828
5.0,1.5,1287,49.989064417401444,50.00470818784703,41.10087401858434,59.27126910897828
5.0,2.0,1287,49.989064417401444,50.00470818784703,41.10087401858434,59.27126910897828
5.0,2.5,1287,49.989064417401444,50.00470818784703,41.10087401858434,59.27126910897828
5.0,3.0,1287,49.989064417401444,50.00470818784703,41.10087401858434,59.27126910897828
