entry_time,side,rsi14,nearest_news_time,nearest_news_event,nearest_news_impact,nearest_news_minutes,news_within_15m,news_within_30m,news_within_60m,news_within_120m
2023-10-02 16:05:00,SHORT,47.07283982200852,,,,,,,,
2023-10-03 20:20:00,SHORT,47.96559702833325,,,,,,,,
2023-10-04 07:20:00,SHORT,48.2505637451275,,,,,,,,
2023-10-04 09:30:00,LONG,54.80239206678143,,,,,,,,
2023-10-04 09:45:00,LONG,56.43970548152877,,,,,,,,
2023-10-09 09:55:00,LONG,53.95866262907046,,,,,,,,
2023-10-09 13:05:00,SHORT,41.9236168104309,,,,,,,,
2023-10-10 18:00:00,LONG,46.68680944950121,,,,,,,,
2023-10-10 20:50:00,LONG,50.4313090385809,,,,,,,,
2023-10-10 23:35:00,LONG,54.216937919646355,,,,,,,,
2023-10-12 02:55:00,LONG,51.67994356260188,,,,,,,,
2023-10-15 22:50:00,SHORT,44.28320177464204,,,,,,,,
2023-10-16 20:10:00,SHORT,47.86050930148217,,,,,,,,
2023-10-17 04:50:00,SHORT,47.81264156904843,,,,,,,,
2023-10-17 15:50:00,LONG,54.19097102176623,,,,,,,,
2023-10-18 08:50:00,LONG,54.900819802019576,,,,,,,,
2023-10-18 22:55:00,SHORT,48.56458799296013,,,,,,,,
2023-10-23 15:10:00,SHORT,52.270419236523395,,,,,,,,
2023-10-23 17:50:00,SHORT,52.465634601763746,,,,,,,,
2023-10-24 03:30:00,LONG,53.01862943057889,,,,,,,,
2023-10-25 19:05:00,LONG,49.30553018083124,,,,,,,,
2023-10-27 16:15:00,SHORT,46.99290739195849,,,,,,,,
2023-10-30 01:50:00,LONG,53.33508067836441,,,,,,,,
2023-10-30 02:35:00,LONG,51.64663445248877,,,,,,,,
2023-10-30 04:10:00,SHORT,45.28824072757016,,,,,,,,
2023-10-30 23:45:00,SHORT,49.73049942139692,,,,,,,,
2023-10-31 09:15:00,LONG,56.417011457838306,,,,,,,,
2023-11-01 09:45:00,LONG,54.144558145683604,,,,,,,,
2023-11-01 18:25:00,SHORT,47.895497998031765,,,,,,,,
2023-11-01 20:10:00,SHORT,49.68742632575345,,,,,,,,
2023-11-02 14:55:00,SHORT,46.43212615717685,,,,,,,,
2023-11-02 16:55:00,SHORT,47.43610139587263,,,,,,,,
2023-11-02 17:10:00,SHORT,51.3331579346324,,,,,,,,
2023-11-02 20:30:00,LONG,53.29963388074445,,,,,,,,
2023-11-03 05:15:00,LONG,54.52489922595325,,,,,,,,
2023-11-03 12:05:00,SHORT,43.99573657835164,,,,,,,,
2023-11-06 06:20:00,SHORT,49.67085839213694,,,,,,,,
2023-11-08 02:40:00,LONG,52.901994760971185,,,,,,,,
2023-11-09 23:05:00,SHORT,46.44207460173458,,,,,,,,
2023-11-10 04:15:00,LONG,45.97986198496571,,,,,,,,
2023-11-10 14:10:00,SHORT,48.85309099930778,,,,,,,,
2023-11-13 01:55:00,LONG,56.06539947962719,,,,,,,,
2023-11-13 13:50:00,SHORT,45.81032504672709,,,,,,,,
2023-11-13 15:30:00,SHORT,48.77237792892148,,,,,,,,
2023-11-15 23:50:00,SHORT,46.74468699611987,,,,,,,,
2023-11-16 10:05:00,LONG,48.283256289528225,,,,,,,,
2023-11-17 01:40:00,LONG,52.141038878391285,,,,,,,,
2023-11-17 08:15:00,LONG,54.190551781632635,,,,,,,,
2023-11-17 20:40:00,SHORT,49.16675162690068,,,,,,,,
2023-11-17 20:50:00,SHORT,48.340206814454135,,,,,,,,
2023-11-21 08:25:00,LONG,54.54482957770907,,,,,,,,
2023-11-21 23:25:00,SHORT,53.18943216697875,,,,,,,,
2023-11-23 14:20:00,SHORT,42.798320864922324,,,,,,,,
2023-11-23 14:50:00,SHORT,53.275927684731236,,,,,,,,
2023-11-24 00:30:00,LONG,52.76748918305031,,,,,,,,
2023-11-24 00:40:00,LONG,54.21026839055947,,,,,,,,
2023-11-24 17:05:00,LONG,53.65953877309011,,,,,,,,
2023-11-27 08:05:00,LONG,53.74330451909513,,,,,,,,
2023-11-27 17:30:00,SHORT,49.261503357446685,,,,,,,,
2023-11-28 06:50:00,LONG,53.869417971678715,,,,,,,,
2023-11-29 11:20:00,SHORT,50.31327180926826,,,,,,,,
2023-11-29 16:55:00,LONG,53.11053485475884,,,,,,,,
2023-11-30 08:10:00,LONG,55.26370821580476,,,,,,,,
2023-11-30 12:45:00,SHORT,46.98338456480873,,,,,,,,
2023-11-30 15:00:00,SHORT,44.398588602836085,,,,,,,,
2023-11-30 16:30:00,SHORT,54.2516563148346,,,,,,,,
2023-11-30 19:55:00,SHORT,47.228859907978354,,,,,,,,
2023-12-05 17:50:00,SHORT,49.44931555377118,,,,,,,,
2023-12-06 01:45:00,LONG,56.56805005441213,,,,,,,,
2023-12-06 19:35:00,LONG,52.79310061564726,,,,,,,,
2023-12-07 11:50:00,LONG,52.83954816546329,,,,,,,,
2023-12-07 15:40:00,SHORT,42.78525171147929,,,,,,,,
2023-12-07 20:05:00,LONG,53.390716253680836,,,,,,,,
2023-12-07 20:30:00,LONG,53.389244767609206,,,,,,,,
2023-12-08 06:35:00,SHORT,41.10087401858434,,,,,,,,
2023-12-08 08:45:00,SHORT,44.854463644355604,,,,,,,,
2023-12-08 13:20:00,SHORT,43.75696883279915,,,,,,,,
2023-12-12 11:25:00,LONG,53.33546185659212,,,,,,,,
2023-12-13 14:35:00,LONG,52.2628220430372,,,,,,,,
2023-12-13 17:30:00,LONG,54.92750125362442,,,,,,,,
2023-12-14 04:15:00,LONG,49.58460045204284,,,,,,,,
2023-12-14 14:25:00,LONG,55.23130267759835,,,,,,,,
2023-12-15 14:35:00,SHORT,42.1442641796234,,,,,,,,
2023-12-18 00:50:00,SHORT,55.135496391408324,,,,,,,,
2023-12-18 02:55:00,LONG,55.58585340107718,,,,,,,,
2023-12-18 14:25:00,LONG,46.82218416477743,,,,,,,,
2023-12-18 20:45:00,LONG,52.01965884446127,,,,,,,,
2023-12-19 00:25:00,LONG,56.32183406111164,,,,,,,,
2023-12-19 11:55:00,LONG,52.915826287849725,,,,,,,,
2023-12-19 20:30:00,LONG,50.74992769213536,,,,,,,,
2023-12-20 07:00:00,LONG,55.517613594989804,,,,,,,,
2023-12-20 15:40:00,SHORT,46.828113373224554,,,,,,,,
2023-12-20 20:30:00,SHORT,42.49072132182219,,,,,,,,
2023-12-21 17:05:00,LONG,51.769051042845895,,,,,,,,
2023-12-22 04:20:00,LONG,54.06702300314631,,,,,,,,
2023-12-22 19:00:00,SHORT,48.45765179251244,,,,,,,,
2023-12-27 01:10:00,LONG,55.18408700010911,,,,,,,,
2023-12-28 14:25:00,SHORT,47.74772935325487,,,,,,,,
2023-12-29 04:40:00,LONG,53.736085328421424,,,,,,,,
2024-01-02 13:45:00,SHORT,46.74728244894803,,,,,,,,
2024-01-04 08:20:00,LONG,54.74803627913853,,,,,,,,
2024-01-04 16:10:00,LONG,56.39773606683563,,,,,,,,
2024-01-04 19:20:00,SHORT,46.30632728525776,,,,,,,,
2024-01-05 08:20:00,SHORT,42.48105235471367,,,,,,,,
2024-01-05 09:25:00,SHORT,42.60455172438377,,,,,,,,
2024-01-05 16:30:00,LONG,48.853198757609846,,,,,,,,
2024-01-09 08:50:00,LONG,52.11965073235308,,,,,,,,
2024-01-09 09:00:00,LONG,56.593263135037795,,,,,,,,
2024-01-09 19:00:00,SHORT,49.84768855153835,,,,,,,,
2024-01-11 09:55:00,SHORT,42.86726800349755,,,,,,,,
2024-01-12 18:35:00,SHORT,48.58434675668235,,,,,,,,
2024-01-15 06:10:00,LONG,50.15015186884894,,,,,,,,
2024-01-16 13:45:00,SHORT,53.04623769192684,,,,,,,,
2024-01-16 20:50:00,SHORT,51.5423682107837,,,,,,,,
2024-01-17 21:00:00,SHORT,51.28057621623703,,,,,,,,
2024-01-17 21:20:00,SHORT,50.7594598544158,,,,,,,,
2024-01-18 04:40:00,SHORT,44.93851457863524,,,,,,,,
2024-01-18 13:30:00,LONG,44.26603152535081,,,,,,,,
2024-01-18 16:00:00,LONG,57.766623142164896,,,,,,,,
2024-01-18 16:10:00,LONG,57.462441572851894,,,,,,,,
2024-01-18 17:20:00,LONG,54.60694208382441,,,,,,,,
2024-01-19 02:30:00,LONG,52.92939509368634,,,,,,,,
2024-01-22 09:35:00,SHORT,44.91994872231683,,,,,,,,
2024-01-23 07:50:00,LONG,53.19407865484043,,,,,,,,
2024-01-23 08:10:00,LONG,50.93041525587272,,,,,,,,
2024-01-23 18:00:00,SHORT,47.344908228023286,,,,,,,,
2024-01-25 00:20:00,LONG,55.64187530136659,,,,,,,,
2024-01-25 16:00:00,LONG,50.95180978211646,,,,,,,,
2024-01-29 11:50:00,SHORT,47.47500195036056,,,,,,,,
2024-01-31 06:50:00,SHORT,46.00192141429261,,,,,,,,
2024-01-31 11:35:00,LONG,53.26913897786765,,,,,,,,
2024-02-01 19:25:00,LONG,50.63874888292526,,,,,,,,
2024-02-02 12:35:00,LONG,56.963927538956085,,,,,,,,
2024-02-05 15:35:00,SHORT,44.40726862561726,,,,,,,,
2024-02-06 07:40:00,LONG,48.81124475939393,,,,,,,,
2024-02-06 10:25:00,SHORT,44.01105663531057,,,,,,,,
2024-02-06 19:45:00,LONG,51.38879917772137,,,,,,,,
2024-02-07 03:45:00,SHORT,44.54360164548039,,,,,,,,
2024-02-07 20:25:00,SHORT,47.867524857716205,,,,,,,,
2024-02-08 06:30:00,SHORT,48.549794457805135,,,,,,,,
2024-02-08 07:05:00,SHORT,49.24201132080096,,,,,,,,
2024-02-08 18:45:00,LONG,51.44780531454199,,,,,,,,
2024-02-08 18:55:00,LONG,51.48322571947035,,,,,,,,
2024-02-09 02:50:00,LONG,53.73614973917323,,,,,,,,
2024-02-09 03:20:00,LONG,52.85815045548315,,,,,,,,
2024-02-09 04:45:00,SHORT,46.78373270905373,,,,,,,,
2024-02-09 20:55:00,LONG,52.70457179879648,,,,,,,,
2024-02-09 21:10:00,LONG,55.77809865661955,,,,,,,,
2024-02-12 21:40:00,LONG,50.645957000989085,,,,,,,,
2024-02-13 00:40:00,SHORT,44.98679886283008,,,,,,,,
2024-02-13 03:55:00,SHORT,48.53337925454375,,,,,,,,
2024-02-14 03:15:00,SHORT,45.07920663208495,,,,,,,,
2024-02-14 09:35:00,SHORT,53.12954483935713,,,,,,,,
2024-02-14 11:55:00,LONG,55.09817293675293,,,,,,,,
2024-02-15 06:40:00,LONG,56.30906653374874,,,,,,,,
2024-02-19 09:05:00,SHORT,44.50038009102768,,,,,,,,
2024-02-19 10:00:00,SHORT,43.85499973658875,,,,,,,,
2024-02-20 02:00:00,LONG,53.35621678340628,,,,,,,,
2024-02-21 06:25:00,LONG,50.957442971429465,,,,,,,,
2024-02-21 10:05:00,SHORT,50.543154686602,,,,,,,,
2024-02-21 14:20:00,LONG,52.370069503264716,,,,,,,,
2024-02-21 23:55:00,LONG,54.47171495701092,,,,,,,,
2024-02-22 02:40:00,LONG,51.433132737745204,,,,,,,,
2024-02-22 15:55:00,SHORT,46.46023023565262,,,,,,,,
2024-02-23 00:05:00,LONG,54.04325208246603,,,,,,,,
2024-02-23 14:15:00,LONG,50.318965302155526,,,,,,,,
2024-02-26 23:30:00,LONG,49.68551852243215,,,,,,,,
2024-02-27 03:30:00,LONG,50.12550425552184,,,,,,,,
2024-02-27 05:45:00,LONG,52.48793639806901,,,,,,,,
2024-02-28 04:45:00,SHORT,45.979483281659,,,,,,,,
2024-02-28 05:40:00,SHORT,45.96495116969708,,,,,,,,
2024-02-28 15:00:00,LONG,49.16554877694386,,,,,,,,
2024-02-28 16:45:00,LONG,51.717064053919955,,,,,,,,
2024-03-04 02:20:00,SHORT,45.80908411854047,,,,,,,,
2024-03-04 12:55:00,SHORT,44.39945877631152,,,,,,,,
2024-03-05 04:10:00,SHORT,53.347688274585444,,,,,,,,
2024-03-07 18:45:00,LONG,52.55496237967763,,,,,,,,
2024-03-07 21:10:00,LONG,49.25709337608321,,,,,,,,
2024-03-11 15:05:00,LONG,56.08858722788144,,,,,,,,
2024-03-11 20:10:00,LONG,53.34255230610914,,,,,,,,
2024-03-12 11:00:00,SHORT,43.858396420225546,,,,,,,,
2024-03-13 00:55:00,LONG,55.51187391389634,,,,,,,,
2024-03-13 03:20:00,LONG,52.85228976388217,,,,,,,,
2024-03-13 06:45:00,LONG,47.33168922035324,,,,,,,,
2024-03-13 13:55:00,LONG,55.92633865556511,,,,,,,,
2024-03-15 09:45:00,LONG,50.92779345225585,,,,,,,,
2024-03-15 10:45:00,LONG,51.50901479811619,,,,,,,,
2024-03-18 06:15:00,SHORT,48.6867955830018,,,,,,,,
2024-03-18 14:35:00,LONG,56.00115637760577,,,,,,,,
2024-03-18 18:05:00,LONG,53.540766747502,,,,,,,,
2024-03-19 09:00:00,SHORT,47.90190719348905,,,,,,,,
2024-03-19 09:15:00,SHORT,46.4806748954955,,,,,,,,
2024-03-19 11:25:00,SHORT,56.14540196738174,,,,,,,,
2024-03-20 04:35:00,LONG,50.758443043154486,,,,,,,,
2024-03-20 11:45:00,SHORT,49.64954923257915,,,,,,,,
2024-03-20 11:55:00,SHORT,47.08685103001453,,,,,,,,
2024-03-20 16:30:00,LONG,53.760966341711004,,,,,,,,
2024-03-21 19:45:00,SHORT,47.005400821698245,,,,,,,,
2024-03-21 23:40:00,SHORT,48.06112650321078,,,,,,,,
2024-03-22 09:20:00,SHORT,50.50038292957643,,,,,,,,
2024-03-22 11:05:00,SHORT,46.947487744540275,,,,,,,,
2024-03-22 14:25:00,LONG,52.659181617203636,,,,,,,,
2024-03-25 15:40:00,LONG,50.902989033289714,,,,,,,,
2024-03-25 16:10:00,LONG,52.08624532996478,,,,,,,,
2024-03-25 22:30:00,SHORT,48.52080301098019,,,,,,,,
2024-03-26 02:30:00,SHORT,47.05642702557251,,,,,,,,
2024-03-26 18:45:00,SHORT,53.11257721456609,,,,,,,,
2024-03-26 20:05:00,SHORT,48.51065059285661,,,,,,,,
2024-03-27 04:45:00,LONG,52.70249747303912,,,,,,,,
2024-04-01 07:05:00,LONG,48.78557777178065,,,,,,,,
2024-04-02 05:35:00,LONG,53.091326728754204,,,,,,,,
2024-04-04 01:40:00,LONG,53.33785549600514,,,,,,,,
2024-04-04 13:00:00,SHORT,46.39542333500898,,,,,,,,
2024-04-04 20:30:00,SHORT,48.82628854143549,,,,,,,,
2024-04-08 16:10:00,SHORT,45.75379715412936,,,,,,,,
2024-04-09 02:25:00,LONG,52.69183637334453,,,,,,,,
2024-04-09 03:40:00,LONG,52.304559111823906,,,,,,,,
2024-04-12 06:25:00,LONG,53.39366811622835,,,,,,,,
2024-04-14 23:00:00,LONG,57.67622292852907,,,,,,,,
2024-04-15 03:45:00,LONG,52.49718840184326,,,,,,,,
2024-04-16 23:10:00,SHORT,46.37866743394459,,,,,,,,
2024-04-17 01:25:00,SHORT,43.25874178989134,,,,,,,,
2024-04-17 01:35:00,SHORT,42.82057796706613,,,,,,,,
2024-04-18 18:50:00,SHORT,45.44870512041951,,,,,,,,
2024-04-19 09:50:00,SHORT,45.12132456324165,,,,,,,,
2024-04-19 11:50:00,SHORT,46.11193878204272,,,,,,,,
2024-04-22 19:15:00,SHORT,51.36021645254761,,,,,,,,
2024-04-23 06:05:00,SHORT,48.53710795593152,,,,,,,,
2024-04-23 14:50:00,LONG,53.88021955742208,,,,,,,,
2024-04-24 02:20:00,SHORT,46.82342843300618,,,,,,,,
2024-04-24 16:55:00,LONG,50.2870343864466,,,,,,,,
2024-04-24 19:15:00,SHORT,45.80447771505128,,,,,,,,
2024-04-25 04:10:00,SHORT,47.60083204655079,,,,,,,,
2024-04-25 13:45:00,SHORT,44.01852190650452,,,,,,,,
2024-04-25 15:25:00,LONG,54.27886726801019,,,,,,,,
2024-04-25 15:55:00,LONG,50.74974123458173,,,,,,,,
2024-04-26 14:15:00,SHORT,43.61360257475415,,,,,,,,
2024-04-26 15:55:00,SHORT,49.45175791131133,,,,,,,,
2024-04-30 00:45:00,SHORT,47.81075165249163,,,,,,,,
2024-05-02 01:45:00,LONG,49.026183229832995,,,,,,,,
2024-05-02 04:15:00,SHORT,47.164921567312355,,,,,,,,
2024-05-02 16:15:00,LONG,52.464642848663274,,,,,,,,
2024-05-03 15:05:00,SHORT,47.368172776979826,,,,,,,,
2024-05-06 15:55:00,LONG,54.55442106269344,,,,,,,,
2024-05-07 11:05:00,SHORT,49.19612522611934,,,,,,,,
2024-05-07 14:40:00,LONG,55.964557500592534,,,,,,,,
2024-05-07 20:45:00,SHORT,44.843900581108365,,,,,,,,
2024-05-08 06:00:00,LONG,51.75021906776928,,,,,,,,
2024-05-08 16:50:00,LONG,51.34588406766441,,,,,,,,
2024-05-09 08:45:00,SHORT,45.95559071199551,,,,,,,,
2024-05-10 11:45:00,LONG,49.189667394900574,,,,,,,,
2024-05-10 15:30:00,SHORT,48.6275159094354,,,,,,,,
2024-05-13 20:15:00,SHORT,47.910691486024035,,,,,,,,
2024-05-14 03:20:00,LONG,52.53332967864133,,,,,,,,
2024-05-16 17:15:00,LONG,54.78206119578311,,,,,,,,
2024-05-17 07:45:00,LONG,48.88600071115416,,,,,,,,
2024-05-17 07:55:00,LONG,48.86339411037074,,,,,,,,
2024-05-19 22:40:00,LONG,52.03680330199892,,,,,,,,
2024-05-20 08:25:00,LONG,54.37333618597577,,,,,,,,
2024-05-20 09:50:00,LONG,53.70775534447863,,,,,,,,
2024-05-21 13:55:00,LONG,56.22020428383695,,,,,,,,
2024-05-22 00:10:00,SHORT,51.59072249548908,,,,,,,,
2024-05-22 13:20:00,SHORT,43.33726796859102,,,,,,,,
2024-05-22 13:30:00,SHORT,43.51827646758471,,,,,,,,
2024-05-23 04:20:00,SHORT,52.513317689966044,,,,,,,,
2024-05-23 05:20:00,SHORT,48.5635253952153,,,,,,,,
2024-05-24 16:25:00,SHORT,47.75595332662933,,,,,,,,
2024-05-27 05:15:00,LONG,51.01890060409721,,,,,,,,
2024-05-27 16:25:00,LONG,52.174567745378894,,,,,,,,
2024-05-28 18:00:00,LONG,51.63626868734429,,,,,,,,
2024-05-30 08:55:00,LONG,56.99118887768628,,,,,,,,
2024-05-31 07:10:00,LONG,52.154139977564064,,,,,,,,
2024-06-04 01:00:00,LONG,51.78035332020128,,,,,,,,
2024-06-04 20:05:00,LONG,52.705129843988935,,,,,,,,
2024-06-05 09:10:00,SHORT,46.56611846335298,,,,,,,,
2024-06-06 18:25:00,LONG,49.17520265396406,,,,,,,,
2024-06-10 03:40:00,SHORT,45.54709061866589,,,,,,,,
2024-06-10 10:35:00,LONG,55.31600331689955,,,,,,,,
2024-06-10 22:40:00,LONG,53.12234290712416,,,,,,,,
2024-06-13 08:30:00,LONG,54.17951767682663,,,,,,,,
2024-06-13 09:05:00,LONG,54.854707092569214,,,,,,,,
2024-06-13 13:25:00,LONG,57.082995913030274,,,,,,,,
2024-06-13 14:40:00,SHORT,45.978615909347184,,,,,,,,
2024-06-17 04:05:00,SHORT,50.76914211492509,,,,,,,,
2024-06-17 04:15:00,SHORT,49.890981875750875,,,,,,,,
2024-06-18 01:50:00,LONG,56.3652868800707,,,,,,,,
2024-06-18 19:20:00,LONG,49.51117956678905,,,,,,,,
2024-06-18 20:50:00,LONG,47.92343907947171,,,,,,,,
2024-06-20 12:05:00,LONG,55.66107821606681,,,,,,,,
2024-06-20 13:35:00,LONG,59.27126910897828,,,,,,,,
2024-06-20 22:45:00,LONG,52.95762535305523,,,,,,,,
2024-06-24 10:20:00,SHORT,43.919326884932175,,,,,,,,
2024-06-24 11:10:00,SHORT,43.24500194235983,,,,,,,,
2024-06-24 13:00:00,SHORT,52.998516807335264,,,,,,,,
2024-06-25 03:40:00,SHORT,49.05908185087394,,,,,,,,
2024-06-25 19:30:00,SHORT,50.760633725016866,,,,,,,,
2024-06-25 19:40:00,SHORT,49.97565057802989,,,,,,,,
2024-06-25 20:45:00,SHORT,48.643352533911795,,,,,,,,
2024-06-26 05:10:00,SHORT,47.32445653961628,,,,,,,,
2024-06-26 18:10:00,SHORT,46.44273613396776,,,,,,,,
2024-06-27 03:05:00,LONG,57.14398351201445,,,,,,,,
2024-06-27 03:15:00,LONG,57.43385774990554,,,,,,,,
2024-06-27 04:50:00,LONG,56.869980743176605,,,,,,,,
2024-06-27 16:30:00,LONG,48.77248596732277,,,,,,,,
2024-06-27 19:55:00,LONG,50.87034440781331,,,,,,,,
2024-07-04 02:20:00,LONG,51.51300650137892,,,,,,,,
2024-07-04 23:35:00,SHORT,50.03929439360023,,,,,,,,
2024-07-05 03:50:00,LONG,53.61076901424831,,,,,,,,
2024-07-05 11:20:00,SHORT,43.70311257709788,,,,,,,,
2024-07-05 20:05:00,LONG,47.90529382881635,,,,,,,,
2024-07-08 12:55:00,SHORT,44.53224083986648,,,,,,,,
2024-07-10 10:00:00,LONG,47.15079700923098,,,,,,,,
2024-07-10 16:10:00,LONG,55.81768146732961,,,,,,,,
2024-07-11 01:25:00,LONG,56.028298020546735,,,,,,,,
2024-07-11 17:55:00,LONG,49.23724577611302,,,,,,,,
2024-07-12 07:55:00,SHORT,46.841276446983755,,,,,,,,
2024-07-15 01:00:00,SHORT,49.26980814339072,,,,,,,,
2024-07-15 09:50:00,LONG,54.25045874782867,,,,,,,,
2024-07-16 00:35:00,SHORT,44.70497358708601,,,,,,,,
2024-07-16 03:35:00,LONG,50.68112438591822,,,,,,,,
2024-07-17 04:20:00,SHORT,45.5933753234584,,,,,,,,
2024-07-18 11:45:00,SHORT,46.834953936461524,,,,,,,,
2024-07-19 04:05:00,SHORT,53.19699592549223,,,,,,,,
2024-07-22 03:10:00,SHORT,52.15881439380419,,,,,,,,
2024-07-22 09:30:00,SHORT,46.56595890303915,,,,,,,,
2024-07-23 18:25:00,SHORT,46.868122453470285,,,,,,,,
2024-07-25 06:10:00,SHORT,54.31633832156001,,,,,,,,
2024-07-25 12:50:00,SHORT,46.934099860576865,,,,,,,,
2024-07-25 15:40:00,SHORT,46.89770791079904,,,,,,,,
2024-07-26 15:00:00,LONG,53.80701220423461,,,,,,,,
2024-07-26 19:40:00,LONG,52.82899516458064,,,,,,,,
2024-07-29 05:05:00,LONG,55.59897778432197,,,,,,,,
2024-07-29 05:55:00,SHORT,42.096998002899944,,,,,,,,
2024-07-29 18:45:00,SHORT,47.44638094504713,,,,,,,,
2024-07-30 10:20:00,LONG,56.040435610716706,,,,,,,,
2024-07-31 08:35:00,LONG,47.613332508360756,,,,,,,,
2024-07-31 10:50:00,LONG,43.212692467224194,,,,,,,,
2024-07-31 11:10:00,LONG,55.11160011268616,,,,,,,,
2024-07-31 15:45:00,LONG,53.95182419405134,,,,,,,,
2024-07-31 16:15:00,LONG,55.33064437862693,,,,,,,,
2024-08-01 05:05:00,SHORT,46.221809912735154,,,,,,,,
2024-08-01 15:45:00,LONG,45.25008144722642,,,,,,,,
2024-08-01 16:20:00,SHORT,45.02559595293622,,,,,,,,
2024-08-01 19:00:00,SHORT,47.80052047496506,,,,,,,,
2024-08-02 09:00:00,LONG,52.522367072799426,,,,,,,,
2024-08-02 09:10:00,LONG,52.97766819827512,,,,,,,,
2024-08-05 22:50:00,LONG,50.947138960701004,,,,,,,,
2024-08-05 23:05:00,LONG,50.41563926174278,,,,,,,,
2024-08-06 22:40:00,SHORT,50.35044612386297,,,,,,,,
2024-08-06 22:50:00,SHORT,46.7481609437722,,,,,,,,
2024-08-07 01:40:00,SHORT,45.12465125769449,,,,,,,,
2024-08-08 07:55:00,LONG,53.013611691636996,,,,,,,,
2024-08-08 22:50:00,LONG,52.68255324034987,,,,,,,,
2024-08-09 02:15:00,LONG,54.675798296949594,,,,,,,,
2024-08-09 12:50:00,LONG,54.60581270891009,,,,,,,,
2024-08-09 15:25:00,LONG,51.01542758420554,,,,,,,,
2024-08-12 01:15:00,SHORT,46.16089289736848,,,,,,,,
2024-08-12 02:30:00,SHORT,44.893015233163005,,,,,,,,
2024-08-13 06:05:00,SHORT,50.69403639616998,,,,,,,,
2024-08-14 23:30:00,LONG,55.357075527284415,,,,,,,,
2024-08-15 01:30:00,LONG,51.32758428192637,,,,,,,,
2024-08-15 02:10:00,LONG,57.00176878941175,,,,,,,,
2024-08-15 16:50:00,LONG,51.15818940633787,,,,,,,,
2024-08-15 18:15:00,LONG,55.1299371487386,,,,,,,,
2024-08-18 22:45:00,LONG,50.120354296970454,,,,,,,,
2024-08-18 23:15:00,LONG,47.32561760389808,,,,,,,,
2024-08-19 08:00:00,LONG,54.0909283674333,,,,,,,,
2024-08-19 09:15:00,LONG,45.95864466554985,,,,,,,,
2024-08-19 20:30:00,LONG,50.9322522191994,,,,,,,,
2024-08-20 05:50:00,SHORT,45.43020801475899,,,,,,,,
2024-08-21 14:55:00,SHORT,46.4172487724945,,,,,,,,
2024-08-21 16:55:00,LONG,51.963027856958945,,,,,,,,
2024-08-21 20:45:00,LONG,46.314196181939806,,,,,,,,
2024-08-22 16:20:00,SHORT,53.76476395513517,,,,,,,,
2024-08-23 02:25:00,LONG,50.522780649994196,,,,,,,,
2024-08-23 10:50:00,LONG,53.48089052036027,,,,,,,,
2024-08-23 13:10:00,LONG,53.12595245656268,,,,,,,,
2024-08-23 18:45:00,LONG,50.648787988035345,,,,,,,,
2024-08-23 19:55:00,LONG,50.714941224696574,,,,,,,,
2024-08-25 22:35:00,LONG,52.13591241828121,,,,,,,,
2024-08-26 12:40:00,LONG,55.28205123506725,,,,,,,,
2024-08-26 14:50:00,SHORT,44.200330853106514,,,,,,,,
2024-08-26 20:50:00,LONG,47.52432693687007,,,,,,,,
2024-08-27 08:50:00,SHORT,48.41724292173729,,,,,,,,
2024-08-27 10:20:00,SHORT,43.89479970746175,,,,,,,,
2024-08-27 10:55:00,SHORT,46.76298251377959,,,,,,,,
2024-08-28 23:05:00,LONG,54.9740204943249,,,,,,,,
2024-08-29 15:30:00,LONG,54.55438567714208,,,,,,,,
2024-09-02 05:10:00,SHORT,50.015344499029204,,,,,,,,
2024-09-02 15:35:00,LONG,55.497405398763334,,,,,,,,
2024-09-03 02:20:00,SHORT,49.15282623430559,,,,,,,,
2024-09-03 13:10:00,SHORT,47.45588899978259,,,,,,,,
2024-09-04 22:35:00,LONG,53.04916513264554,,,,,,,,
2024-09-06 06:10:00,LONG,50.09225108434049,,,,,,,,
2024-09-06 09:00:00,SHORT,43.93660054187842,,,,,,,,
2024-09-06 11:00:00,LONG,56.04476874734911,,,,,,,,
2024-09-09 01:55:00,LONG,53.13743756125049,,,,,,,,
2024-09-10 06:50:00,LONG,58.78498770583519,,,,,,,,
2024-09-11 02:00:00,LONG,55.87019914084796,,,,,,,,
2024-09-12 09:00:00,LONG,53.62756897722182,,,,,,,,
2024-09-13 14:20:00,LONG,54.607328937226065,,,,,,,,
2024-09-15 23:00:00,SHORT,47.44712627405997,,,,,,,,
2024-09-16 12:15:00,SHORT,46.198555303642685,,,,,,,,
2024-09-16 15:15:00,SHORT,44.149385908677736,,,,,,,,
2024-09-16 16:10:00,SHORT,46.75939126945882,,,,,,,,
2024-09-16 19:40:00,SHORT,53.62458566123685,,,,,,,,
2024-09-17 19:15:00,LONG,55.53648881432592,,,,,,,,
2024-09-18 02:50:00,LONG,54.18406276795361,,,,,,,,
2024-09-18 15:35:00,SHORT,44.10603476138934,,,,,,,,
2024-09-19 23:25:00,SHORT,46.196782891361025,,,,,,,,
2024-09-22 23:50:00,LONG,51.45371321558766,,,,,,,,
2024-09-23 12:25:00,LONG,47.26527349017864,,,,,,,,
2024-09-23 19:30:00,SHORT,45.465749418173985,,,,,,,,
2024-09-24 08:10:00,SHORT,48.02415857337707,,,,,,,,
2024-09-24 08:20:00,SHORT,47.3260147825971,,,,,,,,
2024-09-25 00:20:00,LONG,51.052211772260165,,,,,,,,
2024-09-25 18:55:00,LONG,54.58737680875164,,,,,,,,
2024-09-25 20:00:00,LONG,49.59263242690787,,,,,,,,
2024-09-26 14:20:00,SHORT,46.826874891579045,,,,,,,,
2024-09-26 18:05:00,LONG,54.773175942721295,,,,,,,,
2024-09-27 02:50:00,SHORT,46.47818095417082,,,,,,,,
2024-09-27 10:55:00,SHORT,53.504958187071736,,,,,,,,
2024-09-27 16:40:00,SHORT,48.66554163368823,,,,,,,,
2024-09-30 08:40:00,SHORT,46.43589868977141,,,,,,,,
2024-10-02 11:50:00,SHORT,45.08573970576496,,,,,,,,
2024-10-03 04:25:00,SHORT,47.138519005409286,,,,,,,,
2024-10-03 04:50:00,SHORT,45.03671873500092,,,,,,,,
2024-10-03 07:10:00,SHORT,44.72557972294966,,,,,,,,
2024-10-04 10:25:00,SHORT,49.92053232896349,,,,,,,,
2024-10-07 19:45:00,SHORT,48.084694498880054,,,,,,,,
2024-10-09 11:55:00,LONG,51.218273567284115,,,,,,,,
2024-10-09 19:15:00,SHORT,50.271373132621804,,,,,,,,
2024-10-09 22:30:00,SHORT,49.477316965619174,,,,,,,,
2024-10-10 12:10:00,SHORT,44.71186792316643,,,,,,,,
2024-10-10 15:10:00,LONG,54.337395566153454,,,,,,,,
2024-10-10 22:30:00,LONG,49.086976872174496,,,,,,,,
2024-10-14 08:00:00,LONG,50.18309922859536,,,,,,,,
2024-10-14 17:05:00,SHORT,49.89051189304308,,,,,,,,
2024-10-14 17:40:00,SHORT,49.34970343285897,,,,,,,,
2024-10-15 01:55:00,SHORT,44.04449052538585,,,,,,,,
2024-10-15 23:00:00,SHORT,46.130886688930346,,,,,,,,
2024-10-16 20:20:00,SHORT,45.52427010991305,,,,,,,,
2024-10-17 13:00:00,SHORT,44.92461821099022,,,,,,,,
2024-10-18 16:00:00,LONG,52.54992566675701,,,,,,,,
2024-10-21 19:55:00,SHORT,50.67114259760137,,,,,,,,
2024-10-22 09:05:00,LONG,54.72495497986879,,,,,,,,
2024-10-22 14:35:00,LONG,55.83569952498268,,,,,,,,
2024-10-23 06:50:00,LONG,49.86170853006437,,,,,,,,
2024-10-23 10:35:00,SHORT,44.904572661909256,,,,,,,,
2024-10-23 20:00:00,SHORT,50.100184096201055,,,,,,,,
2024-10-24 03:25:00,LONG,54.191347730738016,,,,,,,,
2024-10-24 15:30:00,SHORT,46.187062809645774,,,,,,,,
2024-10-24 20:55:00,LONG,53.46139792917893,,,,,,,,
2024-10-25 19:10:00,LONG,48.59866189518507,,,,,,,,
2024-10-28 02:10:00,SHORT,51.08371440504269,,,,,,,,
2024-10-28 11:30:00,SHORT,47.23221937008026,,,,,,,,
2024-10-28 16:00:00,LONG,52.8706559880442,,,,,,,,
2024-10-30 09:20:00,SHORT,44.439244609312226,,,,,,,,
2024-10-30 14:05:00,SHORT,45.22230674677889,,,,,,,,
2024-10-30 22:50:00,LONG,54.51338688500397,,,,,,,,
2024-10-31 08:00:00,SHORT,45.02621490862056,,,,,,,,
2024-11-01 02:55:00,LONG,55.984787289029626,,,,,,,,
2024-11-01 15:30:00,SHORT,46.41635307881569,,,,,,,,
2024-11-04 12:20:00,LONG,53.16361554830954,,,,,,,,
2024-11-04 19:25:00,SHORT,49.10744232019459,,,,,,,,
2024-11-04 19:40:00,SHORT,54.414528617193746,,,,,,,,
2024-11-05 00:50:00,SHORT,45.897543055902815,,,,,,,,
2024-11-05 05:05:00,LONG,53.76546157787969,,,,,,,,
2024-11-06 10:15:00,SHORT,48.609243827877236,,,,,,,,
2024-11-08 12:15:00,LONG,53.092428037169746,,,,,,,,
2024-11-08 12:40:00,LONG,51.62762744575435,,,,,,,,
2024-11-08 16:50:00,SHORT,46.21411143363118,,,,,,,,
2024-11-08 17:35:00,SHORT,46.28953025909355,,,,,,,,
2024-11-11 00:40:00,SHORT,48.90014379027976,,,,,,,,
2024-11-11 05:50:00,SHORT,47.205255969622165,,,,,,,,
2024-11-12 02:50:00,LONG,48.3151234871051,,,,,,,,
2024-11-12 11:15:00,SHORT,50.348918429024984,,,,,,,,
2024-11-12 20:25:00,SHORT,47.35903786595022,,,,,,,,
2024-11-13 06:55:00,SHORT,45.043481675313664,,,,,,,,
2024-11-13 16:00:00,SHORT,47.97044405059837,,,,,,,,
2024-11-13 16:10:00,SHORT,45.09995605025306,,,,,,,,
2024-11-14 00:25:00,SHORT,47.84669061840316,,,,,,,,
2024-11-14 07:40:00,SHORT,49.08937509925429,,,,,,,,
2024-11-14 07:55:00,SHORT,50.956980672675236,,,,,,,,
2024-11-14 08:20:00,SHORT,46.85956082739683,,,,,,,,
2024-11-14 09:05:00,SHORT,46.85656812344337,,,,,,,,
2024-11-14 18:40:00,LONG,51.24048277920556,,,,,,,,
2024-11-15 09:35:00,LONG,57.59687661491592,,,,,,,,
2024-11-15 10:05:00,LONG,46.67377848845067,,,,,,,,
2024-11-15 12:20:00,LONG,46.01428993505793,,,,,,,,
2024-11-18 10:35:00,LONG,54.69852288508994,,,,,,,,
2024-11-18 20:00:00,LONG,53.08791969257355,,,,,,,,
2024-11-18 21:10:00,LONG,53.25851446001055,,,,,,,,
2024-11-19 05:55:00,LONG,50.51424254868124,,,,,,,,
2024-11-20 10:45:00,SHORT,49.38923548864484,,,,,,,,
2024-11-20 21:40:00,LONG,53.783915564494016,,,,,,,,
2024-11-21 20:50:00,LONG,54.58016509885178,,,,,,,,
2024-11-21 23:40:00,SHORT,45.240787903152466,,,,,,,,
2024-11-26 03:30:00,LONG,55.12021943144121,,,,,,,,
2024-11-26 04:20:00,LONG,52.27561846668225,,,,,,,,
2024-11-26 06:15:00,SHORT,43.84725781267806,,,,,,,,
2024-11-26 06:30:00,SHORT,44.00496351463441,,,,,,,,
2024-11-26 17:35:00,SHORT,45.13793182403051,,,,,,,,
2024-11-27 10:45:00,LONG,49.4892307988606,,,,,,,,
2024-11-27 15:55:00,SHORT,43.299236016349475,,,,,,,,
2024-11-27 20:50:00,SHORT,50.02150559924273,,,,,,,,
2024-11-28 02:10:00,SHORT,44.672770343080785,,,,,,,,
2024-11-28 17:50:00,SHORT,50.09496576310353,,,,,,,,
2024-11-29 00:40:00,SHORT,50.86163179879052,,,,,,,,
2024-11-29 07:25:00,LONG,47.108926135403806,,,,,,,,
2024-11-29 10:55:00,LONG,53.76032654304376,,,,,,,,
2024-12-02 06:55:00,SHORT,50.346781035050924,,,,,,,,
2024-12-03 03:05:00,SHORT,45.72270231307389,,,,,,,,
2024-12-04 00:30:00,SHORT,45.22042812490461,,,,,,,,
2024-12-04 04:05:00,LONG,54.98732143019776,,,,,,,,
2024-12-04 09:30:00,SHORT,47.43775237946366,,,,,,,,
2024-12-04 10:15:00,SHORT,46.857647814431246,,,,,,,,
2024-12-04 17:45:00,LONG,54.03583116205639,,,,,,,,
2024-12-04 19:50:00,LONG,55.469512069382695,,,,,,,,
2024-12-05 03:20:00,SHORT,49.55134332505163,,,,,,,,
2024-12-05 03:30:00,SHORT,47.13725543586758,,,,,,,,
2024-12-05 09:45:00,SHORT,47.7413239857224,,,,,,,,
2024-12-05 09:55:00,SHORT,47.557920237027304,,,,,,,,
2024-12-05 20:50:00,SHORT,52.507095079109774,,,,,,,,
2024-12-06 07:15:00,LONG,49.83750239375956,,,,,,,,
2024-12-06 20:10:00,SHORT,45.3682871094499,,,,,,,,
2024-12-08 23:55:00,LONG,59.2252287253342,,,,,,,,
2024-12-09 03:30:00,LONG,48.24988102344891,,,,,,,,
2024-12-09 16:40:00,LONG,50.37610372517735,,,,,,,,
2024-12-10 20:30:00,LONG,47.789203180004996,,,,,,,,
2024-12-11 08:20:00,LONG,55.392262832693724,,,,,,,,
2024-12-12 19:25:00,SHORT,50.66943060555841,,,,,,,,
2024-12-13 04:05:00,LONG,51.376255745416906,,,,,,,,
2024-12-13 17:10:00,SHORT,45.82736532910707,,,,,,,,
2024-12-16 00:15:00,SHORT,50.03581149107012,,,,,,,,
2024-12-16 03:50:00,LONG,54.633708750278146,,,,,,,,
2024-12-16 11:05:00,LONG,52.858531286708114,,,,,,,,
2024-12-18 04:55:00,SHORT,45.975881922323346,,,,,,,,
2024-12-18 10:35:00,LONG,55.61153475630416,,,,,,,,
2024-12-18 11:45:00,LONG,45.82439287825587,,,,,,,,
2024-12-18 18:10:00,SHORT,49.839142586539516,,,,,,,,
2024-12-19 04:15:00,LONG,50.948269006781686,,,,,,,,
2024-12-20 04:55:00,LONG,48.08117669145312,,,,,,,,
2024-12-20 09:05:00,LONG,52.650833599642475,,,,,,,,
2024-12-20 09:45:00,LONG,52.157371285735174,,,,,,,,
2024-12-20 10:05:00,LONG,53.64824027698959,,,,,,,,
2024-12-23 19:20:00,SHORT,47.225522702028094,,,,,,,,
2024-12-24 07:20:00,LONG,58.13720674493333,,,,,,,,
2024-12-24 18:35:00,LONG,53.49626815898114,,,,,,,,
2024-12-26 21:45:00,LONG,51.31140288869501,,,,,,,,
2024-12-27 12:50:00,SHORT,45.23790552016312,,,,,,,,
2024-12-27 16:40:00,SHORT,49.44224315138738,,,,,,,,
2024-12-30 02:10:00,LONG,48.67228853658659,,,,,,,,
2024-12-30 02:20:00,LONG,50.99241873108392,,,,,,,,
2024-12-31 14:55:00,LONG,53.6349143182257,,,,,,,,
2025-01-02 18:35:00,LONG,49.127296057387646,,,,,,,,
2025-01-03 04:05:00,LONG,52.53227103455034,,,,,,,,
2025-01-03 04:45:00,LONG,50.22035471656921,,,,,,,,
2025-01-03 09:50:00,SHORT,47.273289501898034,,,,,,,,
2025-01-06 18:10:00,LONG,46.52071220000436,,,,,,,,
2025-01-07 04:30:00,LONG,47.611093311009576,,,,,,,,
2025-01-08 13:35:00,LONG,56.43780091098063,,,,,,,,
2025-01-09 02:05:00,SHORT,41.112477088470435,,,,,,,,
2025-01-10 02:10:00,LONG,59.158087563338555,,,,,,,,
2025-01-10 10:45:00,LONG,52.919683781673626,,,,,,,,
2025-01-13 05:05:00,SHORT,43.12641037610854,,,,,,,,
2025-01-13 09:00:00,SHORT,43.42460948513804,,,,,,,,
2025-01-13 15:10:00,SHORT,48.233449639381554,,,,,,,,
2025-01-14 11:05:00,SHORT,45.22076726921697,,,,,,,,
2025-01-14 11:40:00,SHORT,46.84289043165584,,,,,,,,
2025-01-15 15:35:00,SHORT,42.62588843323532,,,,,,,,
2025-01-16 00:40:00,LONG,54.53283126183667,,,,,,,,
2025-01-16 04:10:00,LONG,51.325263665732884,,,,,,,,
2025-01-17 07:35:00,SHORT,43.81226081058888,,,,,,,,
2025-01-20 13:05:00,LONG,53.606637534607074,,,,,,,,
2025-01-20 18:05:00,SHORT,43.91388978976091,,,,,,,,
2025-01-22 21:45:00,SHORT,45.01705302407391,,,,,,,,
2025-01-23 00:25:00,SHORT,45.17907595191273,,,,,,,,
2025-01-23 23:55:00,LONG,52.90251846498906,,,,,,,,
2025-01-28 06:15:00,LONG,54.445844164478494,,,,,,,,
2025-01-28 12:45:00,LONG,57.463599293348736,,,,,,,,
2025-01-29 02:30:00,LONG,55.15325423277979,,,,,,,,
2025-01-29 17:55:00,SHORT,49.21286713970318,,,,,,,,
2025-01-30 01:50:00,LONG,50.82831357287009,,,,,,,,
2025-01-30 02:50:00,LONG,51.760936451863586,,,,,,,,
2025-01-30 17:05:00,LONG,50.40556657095766,,,,,,,,
2025-01-31 16:05:00,LONG,51.0457506767624,,,,,,,,
2025-02-05 11:20:00,LONG,50.81215694583207,,,,,,,,
2025-02-05 14:15:00,SHORT,43.41958871704494,,,,,,,,
2025-02-06 16:45:00,SHORT,49.70134954318048,,,,,,,,
2025-02-06 18:50:00,SHORT,53.82496739936641,,,,,,,,
2025-02-07 07:20:00,SHORT,53.144049011818396,,,,,,,,
2025-02-07 13:50:00,SHORT,44.333673738288084,,,,,,,,
2025-02-07 18:35:00,SHORT,48.186112265652426,,,,,,,,
2025-02-10 00:50:00,LONG,54.544830568704086,,,,,,,,
2025-02-12 11:40:00,SHORT,46.61206578467018,,,,,,,,
2025-02-13 07:30:00,LONG,54.350125739287456,,,,,,,,
2025-02-13 08:15:00,LONG,46.26317975466536,,,,,,,,
2025-02-13 11:40:00,LONG,56.04877637073538,,,,,,,,
2025-02-14 09:50:00,LONG,49.645281208615664,,,,,,,,
2025-02-14 14:45:00,SHORT,44.015771630410704,,,,,,,,
2025-02-17 10:15:00,LONG,54.05508907630939,,,,,,,,
2025-02-17 18:05:00,SHORT,46.4674869193091,,,,,,,,
2025-02-17 19:00:00,SHORT,45.63216909455406,,,,,,,,
2025-02-18 09:05:00,LONG,53.33809179902488,,,,,,,,
2025-02-19 01:25:00,SHORT,44.160984493076235,,,,,,,,
2025-02-20 04:25:00,LONG,50.584894156496,,,,,,,,
2025-02-20 14:45:00,SHORT,46.982420665371556,,,,,,,,
2025-02-24 08:25:00,LONG,53.750532309543416,,,,,,,,
2025-02-26 03:10:00,LONG,51.21509999851975,,,,,,,,
2025-02-26 11:10:00,SHORT,46.99564624632651,,,,,,,,
2025-02-26 13:10:00,SHORT,42.46334880511477,,,,,,,,
2025-02-27 10:10:00,SHORT,51.41735535581653,,,,,,,,
2025-02-27 21:50:00,SHORT,50.254949964350914,,,,,,,,
2025-02-28 01:45:00,LONG,56.069572939542084,,,,,,,,
2025-02-28 02:35:00,SHORT,44.25660925714824,,,,,,,,
2025-02-28 06:30:00,SHORT,50.46727651583327,,,,,,,,
2025-03-03 10:10:00,LONG,55.09885469935363,,,,,,,,
2025-03-03 14:15:00,LONG,52.131527571547565,,,,,,,,
2025-03-03 19:20:00,LONG,48.177302812549684,,,,,,,,
2025-03-03 19:30:00,LONG,50.096185298180544,,,,,,,,
2025-03-04 02:10:00,SHORT,45.92199307812523,,,,,,,,
2025-03-06 13:15:00,SHORT,54.38435442853599,,,,,,,,
2025-03-07 02:30:00,SHORT,47.56046222799817,,,,,,,,
2025-03-07 03:40:00,SHORT,45.923580412006935,,,,,,,,
2025-03-07 10:35:00,LONG,49.792294969800594,,,,,,,,
2025-03-07 11:30:00,LONG,54.512859990426556,,,,,,,,
2025-03-07 16:30:00,SHORT,43.56825906793872,,,,,,,,
2025-03-09 23:00:00,LONG,54.72534333535711,,,,,,,,
2025-03-11 16:15:00,LONG,49.90674350248934,,,,,,,,
2025-03-11 17:45:00,LONG,55.4172102356943,,,,,,,,
2025-03-14 00:10:00,LONG,50.32942941236984,,,,,,,,
2025-03-14 01:50:00,LONG,54.47256460896093,,,,,,,,
2025-03-14 11:35:00,LONG,53.47076256678323,,,,,,,,
2025-03-17 13:55:00,SHORT,43.15708747921925,,,,,,,,
2025-03-18 16:05:00,LONG,54.93801712843549,,,,,,,,
2025-03-19 07:25:00,LONG,52.03358722972657,,,,,,,,
2025-03-20 14:20:00,SHORT,43.97669337048607,,,,,,,,
2025-03-21 17:50:00,SHORT,47.487567694480596,,,,,,,,
2025-03-24 04:45:00,SHORT,47.42809946833167,,,,,,,,
2025-03-24 11:20:00,LONG,48.99351542007665,,,,,,,,
2025-03-25 20:25:00,SHORT,48.56869206716129,,,,,,,,
2025-03-26 12:30:00,LONG,56.10399998865153,,,,,,,,
2025-03-26 17:25:00,SHORT,47.63542462247013,,,,,,,,
2025-03-27 16:05:00,LONG,48.543615825579536,,,,,,,,
2025-04-01 00:30:00,LONG,53.239024559642694,,,,,,,,
2025-04-01 11:05:00,SHORT,41.98772869822131,,,,,,,,
2025-04-02 00:10:00,SHORT,49.45519842541306,,,,,,,,
2025-04-02 07:25:00,SHORT,48.852893914847506,,,,,,,,
2025-04-02 14:40:00,LONG,53.893552714773996,,,,,,,,
2025-04-03 01:55:00,LONG,51.885833834874084,,,,,,,,
2025-04-03 09:15:00,SHORT,47.20111299805388,,,,,,,,
2025-04-03 16:40:00,LONG,51.02411936255875,,,,,,,,
2025-04-04 09:55:00,SHORT,49.425611773824805,,,,,,,,
2025-04-04 11:55:00,LONG,49.88505816536113,,,,,,,,
2025-04-07 04:50:00,LONG,53.31270270208615,,,,,,,,
2025-04-07 07:35:00,SHORT,44.26973202416907,,,,,,,,
2025-04-09 10:30:00,LONG,50.2582424192464,,,,,,,,
2025-04-09 18:55:00,SHORT,47.964291731737724,,,,,,,,
2025-04-11 14:55:00,LONG,51.59366653828049,,,,,,,,
2025-04-14 00:55:00,SHORT,44.32208103463556,,,,,,,,
2025-04-14 03:35:00,LONG,51.775832707568625,,,,,,,,
2025-04-14 07:30:00,LONG,54.28605795344704,,,,,,,,
2025-04-15 19:35:00,LONG,51.22005856802601,,,,,,,,
2025-04-16 10:15:00,LONG,49.86022468729619,,,,,,,,
2025-04-17 18:40:00,LONG,52.23711700092345,,,,,,,,
2025-04-23 10:20:00,LONG,54.878415104222626,,,,,,,,
2025-04-24 02:45:00,LONG,47.53302238973134,,,,,,,,
2025-04-24 12:00:00,LONG,56.63745592504823,,,,,,,,
2025-04-24 23:45:00,LONG,49.42220436350075,,,,,,,,
2025-04-27 23:00:00,LONG,50.85801577818259,,,,,,,,
2025-04-28 08:25:00,SHORT,44.67023303970719,,,,,,,,
2025-04-29 02:35:00,SHORT,46.137301688412336,,,,,,,,
2025-04-29 10:10:00,SHORT,44.396166200026485,,,,,,,,
2025-04-30 15:35:00,LONG,52.84718845416751,,,,,,,,
2025-04-30 17:20:00,LONG,48.674871657140336,,,,,,,,
2025-05-01 07:45:00,SHORT,46.94015315567647,,,,,,,,
2025-05-01 11:25:00,SHORT,48.188957461329885,,,,,,,,
2025-05-05 07:30:00,LONG,53.94738631671424,,,,,,,,
2025-05-06 04:10:00,LONG,48.41428421151201,,,,,,,,
2025-05-07 00:00:00,SHORT,47.895483087828694,,,,,,,,
2025-05-07 08:10:00,LONG,47.26367630602414,,,,,,,,
2025-05-08 04:00:00,LONG,48.514155287287046,,,,,,,,
2025-05-08 23:20:00,LONG,55.309650611384754,,,,,,,,
2025-05-09 08:20:00,LONG,50.931775515237334,,,,,,,,
2025-05-09 08:35:00,LONG,49.561556745669805,,,,,,,,
2025-05-09 16:45:00,LONG,51.327280290944834,,,,,,,,
2025-05-13 22:20:00,LONG,54.354672255311456,,,,,,,,
2025-05-14 17:15:00,SHORT,49.20431260452988,,,,,,,,
2025-05-15 07:30:00,SHORT,50.39770933910161,,,,,,,,
2025-05-16 00:15:00,LONG,46.05627620139447,,,,,,,,
2025-05-16 12:50:00,SHORT,49.59881099998692,,,,,,,,
2025-05-19 14:55:00,SHORT,53.326403304962646,,,,,,,,
2025-05-21 17:35:00,LONG,54.29592784050899,,,,,,,,
2025-05-21 22:40:00,LONG,51.327294778940896,,,,,,,,
2025-05-23 01:55:00,LONG,55.83211603775824,,,,,,,,
2025-05-26 04:15:00,LONG,54.094443253244215,,,,,,,,
2025-05-27 01:10:00,LONG,46.6612979284032,,,,,,,,
2025-05-27 12:25:00,SHORT,51.15497626831892,,,,,,,,
2025-05-27 15:25:00,LONG,46.97633245285832,,,,,,,,
2025-05-28 06:35:00,LONG,54.64903401665486,,,,,,,,
2025-05-28 14:30:00,SHORT,47.80804522065702,,,,,,,,
2025-05-28 17:25:00,SHORT,50.468274983512245,,,,,,,,
2025-05-28 20:35:00,SHORT,45.125568990212926,,,,,,,,
2025-05-29 02:00:00,SHORT,51.5199265485348,,,,,,,,
2025-05-29 02:30:00,SHORT,50.926832838343216,,,,,,,,
2025-05-30 07:55:00,SHORT,47.738810569903976,,,,,,,,
2025-05-30 18:00:00,LONG,56.19265998673414,,,,,,,,
2025-06-02 11:05:00,LONG,51.90248088123078,,,,,,,,
2025-06-03 01:50:00,SHORT,43.839748649508564,,,,,,,,
2025-06-03 02:05:00,SHORT,43.437293323110914,,,,,,,,
2025-06-03 02:20:00,SHORT,45.139090648681865,,,,,,,,
2025-06-03 06:05:00,SHORT,47.66191446520437,,,,,,,,
2025-06-03 18:45:00,LONG,53.68041001383012,,,,,,,,
2025-06-03 20:50:00,LONG,54.25230579015963,,,,,,,,
2025-06-04 03:05:00,LONG,51.019558255461824,,,,,,,,
2025-06-05 06:55:00,SHORT,47.235770808211164,,,,,,,,
2025-06-11 07:30:00,LONG,53.4379970400387,,,,,,,,
2025-06-12 08:35:00,SHORT,47.60210285242101,,,,,,,,
2025-06-12 22:55:00,SHORT,46.52807356343174,,,,,,,,
2025-06-13 04:05:00,LONG,49.30142756839452,,,,,,,,
2025-06-13 06:20:00,LONG,45.12578711792064,,,,,,,,
2025-06-13 09:45:00,LONG,55.00139406817777,,,,,,,,
2025-06-16 08:45:00,SHORT,50.686863190017945,,,,,,,,
2025-06-16 16:00:00,SHORT,52.04327868295565,,,,,,,,
2025-06-17 02:25:00,LONG,50.807108582259914,,,,,,,,
2025-06-17 08:30:00,SHORT,43.93675456219781,,,,,,,,
2025-06-17 23:25:00,LONG,51.98194888104218,,,,,,,,
2025-06-18 23:15:00,SHORT,52.61859148616323,,,,,,,,
2025-06-19 15:45:00,SHORT,49.23194978541171,,,,,,,,
2025-06-20 04:00:00,SHORT,48.16216402372628,,,,,,,,
2025-06-22 23:25:00,LONG,50.16335014954823,,,,,,,,
2025-06-23 03:40:00,SHORT,48.77376076881214,,,,,,,,
2025-06-24 18:35:00,LONG,51.22336174222532,,,,,,,,
2025-06-26 03:40:00,LONG,52.88238743585085,,,,,,,,
2025-06-26 10:35:00,SHORT,43.16646819630975,,,,,,,,
2025-06-26 15:45:00,SHORT,52.01601700080958,,,,,,,,
2025-06-30 13:55:00,SHORT,53.237769879940295,,,,,,,,
2025-06-30 14:55:00,LONG,56.65340931316806,,,,,,,,
2025-07-01 19:20:00,SHORT,48.963911010935526,,,,,,,,
2025-07-03 02:15:00,SHORT,52.55710148158684,,,,,,,,
2025-07-04 02:25:00,LONG,56.01825813523428,,,,,,,,
2025-07-04 11:10:00,SHORT,45.3721057976783,,,,,,,,
2025-07-07 06:30:00,SHORT,45.445919372826864,,,,,,,,
2025-07-07 06:45:00,SHORT,44.331912977438094,,,,,,,,
2025-07-07 07:20:00,SHORT,47.507068436233205,,,,,,,,
2025-07-07 12:25:00,SHORT,46.1390808680439,,,,,,,,
2025-07-08 19:15:00,SHORT,46.669177425736386,,,,,,,,
2025-07-09 04:35:00,SHORT,51.120789548528435,,,,,,,,
2025-07-09 08:05:00,SHORT,46.54687404284559,,,,,,,,
2025-07-09 18:05:00,LONG,49.483752447849746,,,,,,,,
2025-07-10 10:40:00,LONG,54.921639684164454,,,,,,,,
2025-07-10 17:50:00,SHORT,48.19738533856686,,,,,,,,
2025-07-10 23:20:00,LONG,51.641144391410556,,,,,,,,
2025-07-11 08:45:00,LONG,53.035089794219694,,,,,,,,
2025-07-11 14:20:00,LONG,53.15399388615324,,,,,,,,
2025-07-14 06:20:00,SHORT,53.434476045627115,,,,,,,,
2025-07-14 09:15:00,LONG,52.37995044409806,,,,,,,,
2025-07-14 13:50:00,SHORT,47.22066494805114,,,,,,,,
2025-07-14 17:10:00,SHORT,50.8459348291719,,,,,,,,
2025-07-16 01:50:00,LONG,54.61103241361276,,,,,,,,
2025-07-17 22:25:00,LONG,51.74817702483647,,,,,,,,
2025-07-18 17:00:00,SHORT,44.73136666813878,,,,,,,,
2025-07-22 00:35:00,SHORT,44.339787782441135,,,,,,,,
2025-07-23 04:30:00,SHORT,44.79633295040978,,,,,,,,
2025-07-23 14:10:00,SHORT,48.53825624604295,,,,,,,,
2025-07-24 04:05:00,SHORT,46.96916717663715,,,,,,,,
2025-07-25 20:05:00,LONG,50.127926600338725,,,,,,,,
2025-07-28 01:10:00,SHORT,55.28096287881099,,,,,,,,
2025-07-28 07:15:00,LONG,54.79035020096351,,,,,,,,
2025-07-30 23:05:00,SHORT,52.93685307951045,,,,,,,,
2025-07-31 11:25:00,SHORT,46.695702051575275,,,,,,,,
2025-08-01 04:00:00,LONG,54.060619838682946,,,,,,,,
2025-08-01 04:25:00,LONG,55.00033695142107,,,,,,,,
2025-08-04 02:10:00,SHORT,45.12186228348748,,,,,,,,
2025-08-04 14:55:00,LONG,47.86436730001942,,,,,,,,
2025-08-04 16:00:00,LONG,52.458031541580525,,,,,,,,
2025-08-05 00:20:00,LONG,53.20157436184889,,,,,,,,
2025-08-05 17:30:00,LONG,46.76534388782074,,,,,,,,
2025-08-06 03:25:00,SHORT,47.826516968422084,,,,,,,,
2025-08-06 11:45:00,SHORT,52.31431674555764,,,,,,,,
2025-08-06 12:30:00,SHORT,48.07759263253694,,,,,,,,
2025-08-06 16:20:00,LONG,51.17510421069572,,,,,,,,
2025-08-06 16:55:00,LONG,52.2442784373317,,,,,,,,
2025-08-07 04:15:00,LONG,52.934674661810824,,,,,,,,
2025-08-07 04:50:00,LONG,51.03972092324178,,,,,,,,
2025-08-07 09:50:00,SHORT,45.219871020504826,,,,,,,,
2025-08-07 14:50:00,LONG,55.20178256465991,,,,,,,,
2025-08-07 19:25:00,LONG,52.6056309395486,,,,,,,,
2025-08-08 00:05:00,LONG,55.81361261768577,,,,,,,,
2025-08-08 02:25:00,SHORT,46.85890970686485,,,,,,,,
2025-08-08 20:20:00,LONG,48.298674594331416,,,,,,,,
2025-08-10 23:35:00,SHORT,46.785697281886954,,,,,,,,
2025-08-11 05:35:00,SHORT,45.65322269830724,,,,,,,,
2025-08-11 19:35:00,LONG,52.378245651330644,,,,,,,,
2025-08-12 16:20:00,LONG,52.462145152121415,,,,,,,,
2025-08-12 19:00:00,LONG,52.01750391661057,,,,,,,,
2025-08-13 03:20:00,LONG,56.14712462043194,,,,,,,,
2025-08-14 04:55:00,SHORT,47.47674327612204,,,,,,,,
2025-08-14 06:35:00,SHORT,46.55164164367996,,,,,,,,
2025-08-15 10:20:00,SHORT,43.134532510560426,,,,,,,,
2025-08-18 07:40:00,LONG,49.10185742238046,,,,,,,,
2025-08-18 11:30:00,SHORT,43.6868141851833,,,,,,,,
2025-08-19 08:25:00,LONG,50.83848926479142,,,,,,,,
2025-08-19 14:10:00,SHORT,46.252521513746075,,,,,,,,
2025-08-20 02:55:00,SHORT,47.412084691114785,,,,,,,,
2025-08-20 18:10:00,LONG,49.78925393083069,,,,,,,,
2025-08-21 03:25:00,SHORT,46.170218638434804,,,,,,,,
2025-08-22 01:00:00,SHORT,53.27115829752003,,,,,,,,
2025-08-22 13:10:00,SHORT,43.05267292393678,,,,,,,,
2025-08-25 02:40:00,SHORT,50.665692144681465,,,,,,,,
2025-08-25 11:25:00,LONG,56.97298248983431,,,,,,,,
2025-08-26 12:40:00,LONG,57.034448434545205,,,,,,,,
2025-08-26 18:20:00,LONG,52.11806167205095,,,,,,,,
2025-08-28 11:00:00,LONG,53.39844254677036,,,,,,,,
2025-09-01 08:25:00,LONG,54.39270159438989,,,,,,,,
2025-09-01 10:35:00,SHORT,45.124503388821154,,,,,,,,
2025-09-01 11:40:00,SHORT,47.36010638933249,,,,,,,,
2025-09-03 01:50:00,LONG,54.55089120949008,,,,,,,,
2025-09-03 19:05:00,LONG,50.291484537679125,,,,,,,,
2025-09-04 20:25:00,LONG,54.36993446597976,,,,,,,,
2025-09-08 00:45:00,SHORT,45.130440295780836,,,,,,,,
2025-09-08 17:25:00,LONG,47.497249678719804,,,,,,,,
2025-09-09 07:15:00,SHORT,46.8467560742376,,,,,,,,
2025-09-09 11:35:00,LONG,54.7462921896431,,,,,,,,
2025-09-09 17:10:00,SHORT,45.91668916983636,,,,,,,,
2025-09-10 08:35:00,LONG,51.6882517431334,,,,,,,,
2025-09-11 08:25:00,SHORT,48.54402857666268,,,,,,,,
2025-09-11 17:50:00,LONG,52.42139732657173,,,,,,,,
2025-09-11 20:20:00,LONG,53.5207251515579,,,,,,,,
2025-09-11 23:15:00,LONG,46.41259680801239,,,,,,,,
2025-09-14 22:10:00,SHORT,46.455140265240786,,,,,,,,
2025-09-16 18:00:00,SHORT,47.027441041071675,,,,,,,,
2025-09-22 03:10:00,LONG,53.81290084600279,,,,,,,,
2025-09-22 13:15:00,LONG,55.82663568148953,,,,,,,,
2025-09-23 04:15:00,SHORT,49.04349703626192,,,,,,,,
2025-09-26 13:40:00,LONG,56.34818290563642,,,,,,,,
2025-09-26 18:15:00,LONG,49.489615550365514,,,,,,,,
2025-09-26 18:25:00,LONG,49.83192029875717,,,,,,,,
2025-09-28 22:50:00,SHORT,50.428027261258926,,,,,,,,
2025-09-29 01:15:00,LONG,55.05651146387084,,,,,,,,
2025-09-29 07:40:00,LONG,47.24554474048528,,,,,,,,
2025-09-29 14:50:00,LONG,56.2939737109004,,,,,,,,
2025-09-30 11:50:00,SHORT,53.91479299314679,,,,,,,,
2025-09-30 12:00:00,SHORT,51.67914995045458,,,,,,,,
2025-09-30 15:15:00,LONG,50.071905559934564,,,,,,,,
2025-09-30 15:40:00,LONG,52.34105852781687,,,,,,,,
2025-10-01 04:25:00,SHORT,44.97351773593795,,,,,,,,
2025-10-01 14:10:00,SHORT,42.939185740844124,,,,,,,,
2025-10-02 02:40:00,LONG,53.81058366182417,,,,,,,,
2025-10-02 04:25:00,LONG,51.95277812388137,,,,,,,,
2025-10-02 12:55:00,LONG,53.11551751647128,,,,,,,,
2025-10-02 17:55:00,SHORT,50.817868910204446,,,,,,,,
2025-10-06 16:55:00,LONG,51.68496509112855,,,,,,,,
2025-10-07 08:45:00,SHORT,48.966989932154576,,,,,,,,
2025-10-07 18:40:00,LONG,53.92615364590929,,,,,,,,
2025-10-07 18:50:00,LONG,54.05671768234805,,,,,,,,
2025-10-07 20:00:00,LONG,51.4625992490233,,,,,,,,
2025-10-08 18:55:00,LONG,52.34392669305982,,,,,,,,
2025-10-08 20:00:00,SHORT,49.35031752441742,,,,,,,,
2025-10-08 20:30:00,SHORT,47.20422942855127,,,,,,,,
2025-10-09 15:20:00,SHORT,45.1814070964355,,,,,,,,
2025-10-09 20:35:00,SHORT,53.209418159621066,,,,,,,,
2025-10-10 07:30:00,SHORT,43.98395524716307,,,,,,,,
2025-10-13 09:35:00,LONG,47.29182861098347,,,,,,,,
2025-10-14 07:30:00,SHORT,48.175038865324936,,,,,,,,
2025-10-14 07:40:00,SHORT,47.89079792648588,,,,,,,,
2025-10-16 04:55:00,LONG,48.586088118903234,,,,,,,,
2025-10-16 06:40:00,SHORT,44.31555290603518,,,,,,,,
2025-10-17 05:45:00,LONG,51.89191521313428,,,,,,,,
2025-10-17 08:25:00,SHORT,46.6632806479417,,,,,,,,
2025-10-17 09:10:00,SHORT,47.40380042441972,,,,,,,,
2025-10-17 09:40:00,SHORT,45.854399901935764,,,,,,,,
2025-10-21 03:30:00,SHORT,50.1891720838706,,,,,,,,
2025-10-22 07:45:00,LONG,52.07461400611443,,,,,,,,
2025-10-22 12:40:00,SHORT,50.967207226368735,,,,,,,,
2025-10-22 15:20:00,SHORT,46.84566682936828,,,,,,,,
2025-10-22 22:50:00,LONG,51.16623473028096,,,,,,,,
2025-10-23 04:10:00,LONG,55.191429946137596,,,,,,,,
2025-10-23 22:30:00,SHORT,46.58115388258237,,,,,,,,
2025-10-24 04:55:00,SHORT,46.746064763111185,,,,,,,,
2025-10-24 12:10:00,SHORT,50.83110912225667,,,,,,,,
2025-10-26 22:20:00,SHORT,46.782959897161966,,,,,,,,
2025-10-27 03:30:00,SHORT,48.363086562537745,,,,,,,,
2025-10-27 22:30:00,SHORT,49.219690232663964,,,,,,,,
2025-10-28 19:00:00,LONG,50.294257479060235,,,,,,,,
2025-10-30 06:40:00,LONG,55.412618288403635,,,,,,,,
2025-10-31 14:15:00,LONG,55.00277191679095,,,,,,,,
2025-10-31 20:15:00,SHORT,48.259434227617625,,,,,,,,
2025-11-03 04:25:00,LONG,50.81153208133493,,,,,,,,
2025-11-03 12:40:00,SHORT,56.891977073542684,,,,,,,,
2025-11-03 14:20:00,LONG,57.58149985922712,,,,,,,,
2025-11-03 16:00:00,LONG,45.06510259651134,,,,,,,,
2025-11-03 17:55:00,SHORT,46.412534553212,,,,,,,,
2025-11-04 17:15:00,SHORT,46.39682500814556,,,,,,,,
2025-11-05 07:10:00,LONG,48.35907380511287,,,,,,,,
2025-11-05 07:25:00,LONG,48.21888218175949,,,,,,,,
2025-11-05 17:25:00,LONG,52.393948608101454,,,,,,,,
2025-11-05 18:05:00,LONG,51.45114399110431,,,,,,,,
2025-11-07 12:10:00,SHORT,52.297803726663815,,,,,,,,
2025-11-07 15:55:00,SHORT,46.01643317542173,,,,,,,,
2025-11-07 16:15:00,SHORT,53.055239825089785,,,,,,,,
2025-11-07 18:30:00,LONG,53.48793580489848,,,,,,,,
2025-11-07 18:50:00,LONG,55.882423917230504,,,,,,,,
2025-11-07 21:30:00,SHORT,44.67544228645843,,,,,,,,
2025-11-09 23:50:00,LONG,56.63124764032696,,,,,,,,
2025-11-11 11:25:00,LONG,51.78351809832192,,,,,,,,
2025-11-11 11:35:00,LONG,51.85322645982358,,,,,,,,
2025-11-12 09:55:00,LONG,49.04709755962163,,,,,,,,
2025-11-12 11:40:00,LONG,55.159631798745274,,,,,,,,
2025-11-12 20:10:00,LONG,49.300266971704694,,,,,,,,
2025-11-12 20:50:00,LONG,48.53171688829629,,,,,,,,
2025-11-12 21:05:00,LONG,49.514797300069674,,,,,,,,
2025-11-13 11:50:00,LONG,54.0793546158403,,,,,,,,
2025-11-13 18:05:00,SHORT,48.46233194794024,,,,,,,,
2025-11-14 05:50:00,SHORT,41.53271892780689,,,,,,,,
2025-11-14 16:10:00,SHORT,52.75869098934308,,,,,,,,
2025-11-17 09:20:00,LONG,56.78736670830418,,,,,,,,
2025-11-19 20:40:00,SHORT,48.97517774452514,,,,,,,,
2025-11-20 20:55:00,LONG,53.7618324664052,,,,,,,,
2025-11-24 07:15:00,LONG,56.75691761634388,,,,,,,,
2025-11-24 12:20:00,LONG,52.275325608911956,,,,,,,,
2025-11-25 09:50:00,SHORT,44.852741545963916,,,,,,,,
2025-11-25 15:20:00,SHORT,45.68962529555171,,,,,,,,
2025-11-26 09:25:00,LONG,54.513690366631366,,,,,,,,
2025-11-26 10:25:00,LONG,54.53492255902166,,,,,,,,
2025-11-26 19:25:00,LONG,54.5246466740555,,,,,,,,
2025-11-27 13:55:00,SHORT,48.04602823702376,,,,,,,,
2025-11-27 17:10:00,SHORT,46.72375268582107,,,,,,,,
2025-12-01 06:15:00,SHORT,45.11777694751454,,,,,,,,
2025-12-01 06:35:00,SHORT,48.53954484612332,,,,,,,,
2025-12-02 08:50:00,SHORT,44.54124147140246,,,,,,,,
2025-12-03 00:30:00,LONG,52.438255852127156,,,,,,,,
2025-12-05 02:10:00,SHORT,47.95625957641444,,,,,,,,
2025-12-08 08:55:00,SHORT,46.04325728766078,,,,,,,,
2025-12-08 10:10:00,SHORT,48.54579367654312,,,,,,,,
2025-12-08 10:40:00,SHORT,41.93446844596983,,,,,,,,
2025-12-08 18:50:00,SHORT,47.23375400842853,,,,,,,,
2025-12-09 20:35:00,LONG,53.77416009228,,,,,,,,
2025-12-10 17:15:00,LONG,56.38268058783781,,,,,,,,
2025-12-11 07:30:00,SHORT,50.0025577462149,,,,,,,,
2025-12-11 10:40:00,LONG,46.44740570632496,,,,,,,,
2025-12-12 02:55:00,SHORT,44.072843486183466,,,,,,,,
2025-12-12 17:55:00,SHORT,51.7126530771335,,,,,,,,
2025-12-15 00:50:00,LONG,55.19532246548943,,,,,,,,
2025-12-16 07:00:00,SHORT,52.71528209183612,,,,,,,,
2025-12-17 12:05:00,SHORT,45.301175236343084,,,,,,,,
2025-12-18 19:40:00,SHORT,44.87684248500259,,,,,,,,
2025-12-18 21:20:00,SHORT,48.276188029757385,,,,,,,,
2025-12-19 03:35:00,SHORT,47.123119205476954,,,,,,,,
2025-12-19 09:20:00,LONG,57.21085866656896,,,,,,,,
2025-12-19 09:35:00,LONG,55.26358131352351,,,,,,,,
2025-12-24 05:50:00,SHORT,44.10497138397784,,,,,,,,
2025-12-24 07:25:00,SHORT,46.24918378238472,,,,,,,,
2025-12-24 08:45:00,SHORT,44.868559768995866,,,,,,,,
2025-12-24 11:25:00,SHORT,45.56531549615717,,,,,,,,
2025-12-29 08:20:00,SHORT,50.43676137611093,,,,,,,,
2025-12-30 16:30:00,SHORT,45.56873094979228,,,,,,,,
2025-12-31 20:20:00,SHORT,47.974620545478764,,,,,,,,
2026-01-02 12:50:00,LONG,44.91848604473124,,,,,,,,
2026-01-06 07:45:00,LONG,53.665334428781875,,,,,,,,
2026-01-06 08:00:00,LONG,45.05067437294206,,,,,,,,
2026-01-06 12:40:00,LONG,56.06317306859799,,,,,,,,
2026-01-06 15:55:00,LONG,54.507677972942275,,,,,,,,
2026-01-06 20:10:00,LONG,53.923795636002694,,,,,,,,
2026-01-06 20:35:00,LONG,56.16049338642817,,,,,,,,
2026-01-07 00:10:00,LONG,47.502974332593766,,,,,,,,
2026-01-07 03:10:00,SHORT,47.27166555994041,,,,,,,,
2026-01-07 14:20:00,SHORT,46.879753082908536,,,,,,,,
2026-01-09 06:15:00,LONG,54.40800406474537,,,,,,,,
2026-01-09 10:15:00,LONG,54.901099647131254,,,,,,,,
2026-01-09 19:35:00,LONG,52.737803375964795,,,,,,,,
2026-01-12 05:05:00,LONG,50.433093421824594,,,,,,,,
2026-01-12 06:20:00,LONG,50.82949048922973,,,,,,,,
2026-01-12 06:30:00,LONG,51.57658283466367,,,,,,,,
2026-01-12 14:50:00,LONG,53.52674216086316,,,,,,,,
2026-01-12 15:00:00,LONG,55.25548065193526,,,,,,,,
2026-01-12 16:45:00,LONG,49.51428141807742,,,,,,,,
2026-01-13 02:25:00,SHORT,47.03974649903768,,,,,,,,
2026-01-13 20:00:00,SHORT,44.68865522317105,,,,,,,,
2026-01-13 20:20:00,SHORT,45.70238578015922,,,,,,,,
2026-01-14 10:25:00,LONG,54.89833611582607,,,,,,,,
2026-01-14 12:45:00,LONG,54.733722658521124,,,,,,,,
2026-01-14 16:05:00,SHORT,46.16058581631705,,,,,,,,
2026-01-15 12:20:00,LONG,50.00470818784703,,,,,,,,
2026-01-15 15:45:00,LONG,58.719922309916356,,,,,,,,
2026-01-16 08:15:00,LONG,53.988667554317296,,,,,,,,
2026-01-19 11:45:00,SHORT,43.46611835425275,,,,,,,,
2026-01-20 11:10:00,LONG,47.86374919324841,,,,,,,,
2026-01-20 16:25:00,LONG,54.70113085566404,,,,,,,,
2026-01-21 16:10:00,SHORT,48.10203711707769,,,,,,,,
2026-01-22 11:30:00,LONG,52.39012222450831,,,,,,,,
2026-01-22 15:10:00,LONG,57.684361288664,,,,,,,,
2026-01-23 01:10:00,LONG,50.94261442783972,,,,,,,,
2026-01-23 04:25:00,LONG,51.919217374280805,,,,,,,,
2026-01-23 14:00:00,LONG,58.46068136162283,,,,,,,,
2026-01-26 21:05:00,SHORT,46.675547277024975,,,,,,,,
2026-01-27 08:10:00,LONG,51.56795255927255,,,,,,,,
2026-01-30 14:10:00,SHORT,47.502255597470636,,,,,,,,
2026-01-30 21:35:00,SHORT,45.24324656722656,,,,,,,,
2026-02-02 16:25:00,SHORT,45.00528524809997,,,,,,,,
2026-02-03 12:55:00,LONG,50.98475470170035,,,,,,,,
2026-02-03 19:45:00,SHORT,54.17980749538926,,,,,,,,
2026-02-04 08:55:00,LONG,53.757610622451075,,,,,,,,
2026-02-05 07:50:00,LONG,53.42087013800773,,,,,,,,
2026-02-05 08:00:00,LONG,54.43605267361782,,,,,,,,
2026-02-05 17:40:00,LONG,54.98090421542366,,,,,,,,
2026-02-06 07:20:00,LONG,52.49613597331665,,,,,,,,
2026-02-06 08:50:00,LONG,53.925471524193604,,,,,,,,
2026-02-06 16:35:00,LONG,52.690856171626336,,,,,,,,
2026-02-06 21:05:00,LONG,51.30017831996817,,,,,,,,
2026-02-09 04:30:00,LONG,53.411680110169506,,,,,,,,
2026-02-10 00:10:00,SHORT,43.67052304469817,,,,,,,,
2026-02-10 11:25:00,LONG,50.206836091203634,,,,,,,,
2026-02-10 17:05:00,SHORT,47.38981654944004,,,,,,,,
2026-02-11 14:10:00,SHORT,48.164859547792744,,,,,,,,
2026-02-11 14:30:00,SHORT,45.74516747336129,,,,,,,,
2026-02-16 00:55:00,SHORT,45.20662253107919,,,,,,,,
2026-02-18 21:25:00,SHORT,45.513550711747705,,,,,,,,
2026-02-19 16:40:00,LONG,54.096863558924554,,,,,,,,
2026-02-19 17:35:00,LONG,43.759843998925675,,,,,,,,
2026-02-23 06:00:00,LONG,50.844239217704,,,,,,,,
2026-02-24 14:45:00,SHORT,48.303337437289805,,,,,,,,
2026-02-25 06:30:00,LONG,51.87093764095636,,,,,,,,
2026-02-25 12:45:00,SHORT,53.537942030921364,,,,,,,,
2026-02-25 14:00:00,LONG,55.29840673590977,,,,,,,,
2026-02-26 03:00:00,LONG,54.6670347158782,,,,,,,,
2026-02-26 06:30:00,LONG,52.87152986913764,,,,,,,,
2026-02-27 04:35:00,LONG,54.314677861165634,,,,,,,,
2026-02-27 05:00:00,LONG,47.643354600846386,,,,,,,,
2026-02-27 06:35:00,LONG,55.076317529654126,,,,,,,,
2026-02-27 11:00:00,SHORT,47.709668125923706,,,,,,,,
2026-02-27 11:10:00,SHORT,43.89163548923286,,,,,,,,
2026-02-27 17:00:00,LONG,50.3655682538335,,,,,,,,
2026-03-02 01:10:00,LONG,47.80348544183996,,,,,,,,
2026-03-02 01:50:00,LONG,49.930691705075304,,,,,,,,
2026-03-02 02:30:00,LONG,50.583445794196564,,,,,,,,
2026-03-02 09:05:00,LONG,48.5474372223255,,,,,,,,
2026-03-02 09:30:00,LONG,49.01549667418672,,,,,,,,
2026-03-03 07:45:00,SHORT,51.94172829914967,,,,,,,,
2026-03-03 16:55:00,SHORT,51.67402498028642,,,,,,,,
2026-03-04 16:05:00,SHORT,45.33647996832375,,,,,,,,
2026-03-05 18:45:00,SHORT,52.92642447458707,,,,,,,,
2026-03-09 01:25:00,SHORT,50.042481515661294,,,,,,,,
2026-03-09 01:50:00,SHORT,50.29964695513172,,,,,,,,
2026-03-09 02:25:00,SHORT,51.03478987068148,,,,,,,,
2026-03-09 22:40:00,LONG,55.526371767383495,,,,,,,,
2026-03-10 19:25:00,SHORT,45.396020024535126,,,,,,,,
2026-03-10 20:00:00,SHORT,46.534695252148374,,,,,,,,
2026-03-10 23:35:00,SHORT,48.746775572914636,,,,,,,,
2026-03-11 07:15:00,SHORT,43.01016555378817,,,,,,,,
2026-03-11 12:20:00,SHORT,54.67707221534163,,,,,,,,
2026-03-11 13:30:00,SHORT,43.83693286950885,,,,,,,,
2026-03-13 03:55:00,LONG,54.09382994243353,,,,,,,,
2026-03-13 11:25:00,LONG,56.51977373355933,,,,,,,,
2026-03-13 11:50:00,LONG,55.74212898203118,,,,,,,,
2026-03-17 11:25:00,SHORT,48.937296517268436,,,,,,,,
2026-03-17 11:50:00,SHORT,48.022241953909024,,,,,,,,
2026-03-17 16:45:00,SHORT,46.702593640336225,,,,,,,,
2026-03-17 19:55:00,SHORT,44.24372273143047,,,,,,,,
2026-03-18 23:15:00,SHORT,48.50388611916855,,,,,,,,
2026-03-19 03:40:00,LONG,51.176841003448516,,,,,,,,
2026-03-20 00:35:00,LONG,53.43545265487394,,,,,,,,
2026-03-20 11:45:00,SHORT,49.18140456285412,,,,,,,,
2026-03-20 17:10:00,SHORT,49.135637181653856,,,,,,,,
2026-03-22 22:40:00,SHORT,47.8204358033408,,,,,,,,
2026-03-23 01:25:00,SHORT,49.423256760814844,,,,,,,,
2026-03-23 20:50:00,SHORT,47.31430321866861,,,,,,,,
2026-03-24 08:40:00,LONG,51.29890298684545,,,,,,,,
2026-03-24 15:20:00,LONG,56.785779637578926,,,,,,,,
2026-03-24 15:30:00,LONG,57.80181692281373,,,,,,,,
2026-03-25 09:15:00,LONG,56.268745170793544,,,,,,,,
2026-03-25 20:05:00,SHORT,47.34048221190156,,,,,,,,
2026-03-27 07:35:00,LONG,47.946410392515226,,,,,,,,
2026-03-27 11:55:00,SHORT,47.63481136369587,,,,,,,,
2026-03-27 12:20:00,SHORT,50.73855365072965,,,,,,,,
2026-03-30 09:20:00,LONG,50.64431057499828,,,,,,,,
2026-03-31 04:40:00,LONG,50.74264860742222,,,,,,,,
2026-03-31 04:50:00,LONG,52.692520605369,,,,,,,,
2026-04-01 02:15:00,LONG,49.977475989653364,,,,,,,,
2026-04-01 14:10:00,LONG,54.89494364994625,,,,,,,,
2026-04-02 09:40:00,SHORT,44.9036794084051,,,,,,,,
2026-04-02 16:30:00,LONG,50.5878479344605,,,,,,,,
2026-04-02 17:35:00,LONG,45.25073270738298,,,,,,,,
2026-04-02 20:25:00,LONG,50.79814783321615,,,,,,,,
2026-04-06 16:35:00,SHORT,44.92380452231856,,,,,,,,
2026-04-07 13:15:00,SHORT,43.85718982280035,,,,,,,,
2026-04-07 14:50:00,SHORT,46.84922521366824,,,,,,,,
2026-04-08 01:40:00,LONG,46.50513472375976,,,,,,,,
2026-04-08 04:35:00,LONG,53.935262792032134,,,,,,,,
2026-04-09 04:15:00,SHORT,54.95823847207564,,,,,,,,
2026-04-09 09:55:00,LONG,53.60933907104217,,,,,,,,
2026-04-09 12:55:00,LONG,55.66138407682237,,,,,,,,
2026-04-09 14:45:00,LONG,52.432938775886115,,,,,,,,
2026-04-10 19:35:00,SHORT,46.5216346361548,,,,,,,,
2026-04-13 04:25:00,LONG,46.22813388465007,,,,,,,,
2026-04-13 12:15:00,SHORT,46.976375974806274,,,,,,,,
2026-04-14 10:30:00,LONG,54.54121439635956,,,,,,,,
2026-04-15 16:15:00,SHORT,46.95493003146547,,,,,,,,
2026-04-16 02:15:00,LONG,50.90893559825797,,,,,,,,
2026-04-16 07:35:00,LONG,54.88942807155415,,,,,,,,
2026-04-16 19:10:00,SHORT,47.36281336143828,,,,,,,,
2026-04-17 02:40:00,SHORT,55.03435833583553,,,,,,,,
2026-04-17 07:10:00,SHORT,42.842346399387345,,,,,,,,
2026-04-17 18:05:00,LONG,50.219696655808605,,,,,,,,
2026-04-22 14:10:00,SHORT,44.292067263197914,,,,,,,,
2026-04-23 14:40:00,LONG,55.01882334361166,,,,,,,,
2026-04-24 18:10:00,LONG,50.733481150530956,,,,,,,,
2026-04-27 19:50:00,SHORT,47.97671465494767,,,,,,,,
2026-04-28 15:05:00,SHORT,48.73312219708188,,,,,,,,
2026-04-29 00:55:00,LONG,53.30854196083159,,,,,,,,
2026-04-29 11:20:00,SHORT,46.178112527825604,,,,,,,,
2026-04-29 14:40:00,SHORT,50.4444171793155,,,,,,,,
2026-04-29 17:20:00,LONG,55.51564694618813,,,,,,,,
2026-05-03 23:05:00,SHORT,43.738120062312326,,,,,,,,
2026-05-06 23:00:00,LONG,53.50404923732969,,,,,,,,
2026-05-07 14:05:00,LONG,53.8856494481669,,,,,,,,
2026-05-08 13:25:00,LONG,58.469419787321556,,,,,,,,
2026-05-08 16:50:00,SHORT,47.56918520240967,,,,,,,,
2026-05-08 19:00:00,LONG,53.37121380370234,,,,,,,,
2026-05-11 03:30:00,SHORT,47.71948479876769,,,,,,,,
2026-05-11 10:35:00,SHORT,47.905182438016006,,,,,,,,
2026-05-12 10:25:00,SHORT,48.06602558339717,,,,,,,,
2026-05-12 14:15:00,SHORT,44.91543172785191,,,,,,,,
2026-05-13 04:55:00,SHORT,48.54322075183967,,,,,,,,
2026-05-13 07:25:00,LONG,55.05554698950913,,,,,,,,
2026-05-14 14:40:00,SHORT,45.44306419458761,,,,,,,,
2026-05-15 10:15:00,SHORT,51.73045774724335,,,,,,,,
2026-05-17 22:25:00,SHORT,44.16032238624018,,,,,,,,
2026-05-18 09:50:00,LONG,46.24788910866407,,,,,,,,
2026-05-18 11:00:00,SHORT,44.79772016347929,,,,,,,,
2026-05-19 01:55:00,SHORT,43.773898868978094,,,,,,,,
2026-05-19 06:00:00,SHORT,45.48436127990109,,,,,,,,
2026-05-19 10:15:00,SHORT,46.12381866089837,,,,,,,,
2026-05-20 02:05:00,SHORT,44.689936749422,,,,,,,,
2026-05-20 02:15:00,SHORT,43.07924879604812,,,,,,,,
2026-05-21 06:15:00,SHORT,48.41446602381994,,,,,,,,
2026-05-21 14:40:00,SHORT,47.96980410495898,,,,,,,,
2026-05-22 02:05:00,SHORT,42.59526321114541,,,,,,,,
2026-05-22 05:10:00,SHORT,45.8763989259232,,,,,,,,
2026-05-22 08:55:00,SHORT,46.50110453579519,,,,,,,,
2026-05-25 12:50:00,LONG,51.31921837551906,,,,,,,,
2026-05-25 13:25:00,SHORT,44.291252930844955,,,,,,,,
2026-05-26 06:45:00,SHORT,45.82219261128508,,,,,,,,
2026-05-26 08:20:00,SHORT,45.29993704429195,,,,,,,,
2026-05-26 19:10:00,SHORT,51.87541330415056,,,,,,,,
2026-05-27 08:25:00,SHORT,52.37083464895084,,,,,,,,
2026-05-27 09:40:00,SHORT,46.10046779527086,,,,,,,,
2026-05-27 14:55:00,SHORT,46.914537708318,,,,,,,,
2026-05-29 14:40:00,LONG,56.459688708516715,,,,,,,,
2026-06-01 23:10:00,LONG,57.42497485303968,,,,,,,,
2026-06-02 20:20:00,SHORT,53.406722318777085,,,,,,,,
2026-06-03 02:00:00,SHORT,47.279417024250165,,,,,,,,
2026-06-03 14:30:00,SHORT,47.76709866674523,,,,,,,,
2026-06-03 14:40:00,SHORT,46.89454910324399,,,,,,,,
2026-06-04 02:40:00,LONG,53.73949478889343,,,,,,,,
2026-06-04 08:35:00,SHORT,43.13997348157623,,,,,,,,
2026-06-07 22:55:00,SHORT,42.93449283861718,,,,,,,,
2026-06-08 10:00:00,SHORT,48.611687571147066,,,,,,,,
2026-06-08 17:55:00,LONG,53.493982368460415,,,,,,,,
2026-06-09 02:10:00,LONG,58.399166340431286,,,,,,,,
2026-06-09 09:10:00,SHORT,46.30253058434837,,,,,,,,
2026-06-09 13:05:00,LONG,54.85562699622206,,,,,,,,
2026-06-10 13:10:00,SHORT,46.66547198410743,,,,,,,,
2026-06-10 23:40:00,SHORT,48.77422896100046,,,,,,,,
2026-06-11 13:55:00,SHORT,54.56616415119334,,,,,,,,
2026-06-12 10:45:00,LONG,50.56768098936903,,,,,,,,
2026-06-12 16:05:00,LONG,54.5876958315098,,,,,,,,
2026-06-12 20:40:00,SHORT,49.21486870852543,,,,,,,,
2026-06-16 19:20:00,LONG,52.63694893458871,,,,,,,,
2026-06-17 15:10:00,LONG,56.491213501932485,,,,,,,,
2026-06-18 05:05:00,LONG,53.891189909344575,,,,,,,,
2026-06-18 14:40:00,SHORT,43.32609996022032,,,,,,,,
2026-06-19 11:50:00,SHORT,45.37341188243572,,,,,,,,
2026-06-19 12:35:00,SHORT,45.53058527271111,,,,,,,,
2026-06-19 12:45:00,SHORT,42.32393048969368,,,,,,,,
2026-06-22 07:45:00,LONG,48.9196667256394,,,,,,,,
2026-06-22 15:15:00,SHORT,44.42319573298341,,,,,,,,
2026-06-25 10:40:00,SHORT,44.921718700383735,,,,,,,,
2026-06-25 18:50:00,LONG,52.32134370922814,,,,,,,,
2026-06-26 04:00:00,SHORT,48.483311127687095,,,,,,,,
2026-06-26 12:05:00,LONG,50.76221203886002,,,,,,,,
2026-06-26 20:30:00,SHORT,47.41264756476325,,,,,,,,
2026-06-29 22:55:00,SHORT,45.76988951173655,,,,,,,,
2026-07-01 17:45:00,LONG,43.84048873808222,,,,,,,,
2026-07-02 16:55:00,LONG,48.5120251870367,,,,,,,,
2026-07-03 15:50:00,SHORT,45.84663346439192,,,,,,,,
2026-07-06 01:25:00,LONG,55.88081717564176,,,,,,,,
2026-07-06 10:25:00,SHORT,51.70200688845464,,,,,,,,
2026-07-07 09:20:00,SHORT,46.15895521553521,,,,,,,,
2026-07-08 20:25:00,LONG,47.33126843224939,,,,,,,,
2026-07-09 11:50:00,LONG,56.87992175121713,,,,,,,,
2026-07-09 23:30:00,SHORT,43.33003008318772,,,,,,,,
2026-07-10 01:15:00,LONG,57.006964019878666,,,,,,,,
2026-07-13 05:45:00,SHORT,51.16836864973373,,,,,,,,
2026-07-13 18:55:00,SHORT,53.28873537069685,,,,,,,,
2026-07-14 12:15:00,LONG,55.62484659269964,,,,,,,,
2026-07-15 07:15:00,SHORT,47.49138266176174,,,,,,,,
2026-07-16 07:00:00,SHORT,48.03199837535597,,,,,,,,
2026-07-20 09:10:00,LONG,52.790953623979895,,,,,,,,
2026-07-20 14:40:00,SHORT,46.815961562793106,,,,,,,,
2026-07-20 20:55:00,SHORT,48.524724374295616,,,,,,,,
2026-07-21 09:15:00,LONG,51.44431521921274,,,,,,,,
2026-07-22 08:35:00,SHORT,48.493732051581006,,,,,,,,
2026-07-22 20:30:00,SHORT,48.103243559009655,,,,,,,,
2026-07-23 03:55:00,SHORT,46.93067653862935,,,,,,,,
2026-07-23 14:50:00,SHORT,48.98890112194872,,,,,,,,
2026-07-23 15:00:00,SHORT,48.711058178493374,,,,,,,,
2026-07-23 19:40:00,SHORT,48.9680728891107,,,,,,,,
2026-07-24 14:55:00,LONG,56.18859638908622,,,,,,,,
2026-07-27 04:40:00,SHORT,45.36104031238312,,,,,,,,
2026-07-27 13:50:00,SHORT,45.37422682607311,,,,,,,,
2026-07-27 18:10:00,SHORT,47.99423449442959,,,,,,,,
2026-07-29 11:30:00,SHORT,49.57334131890356,,,,,,,,
2026-07-30 02:20:00,LONG,50.47369344785774,,,,,,,,
2026-07-31 06:40:00,SHORT,46.63226121985181,,,,,,,,
2026-08-03 09:55:00,SHORT,46.64569914005601,,,,,,,,
2026-08-03 15:55:00,SHORT,49.82903374655069,,,,,,,,
2026-08-04 02:30:00,LONG,55.25608979422492,,,,,,,,
2026-08-06 07:30:00,SHORT,49.46593271984773,,,,,,,,
2026-08-10 00:00:00,LONG,48.61499351635823,,,,,,,,
2026-08-10 05:20:00,LONG,56.96827914428448,,,,,,,,
2026-08-11 04:00:00,LONG,51.128928952817446,,,,,,,,
2026-08-11 14:10:00,LONG,45.25137560675705,,,,,,,,
2026-08-11 20:30:00,SHORT,48.80639769113014,,,,,,,,
2026-08-12 11:40:00,LONG,51.82439525296376,,,,,,,,
2026-08-14 04:25:00,SHORT,52.160720963811656,,,,,,,,
2026-08-17 20:45:00,LONG,51.20849521331471,,,,,,,,
2026-08-18 11:50:00,SHORT,44.02031485633497,,,,,,,,
2026-08-19 09:35:00,LONG,51.65448229152613,,,,,,,,
2026-08-20 16:40:00,LONG,48.64591090091267,,,,,,,,
2026-08-20 17:20:00,LONG,50.88051311290163,,,,,,,,
2026-08-21 14:10:00,LONG,54.560205330357164,,,,,,,,
2026-08-24 01:30:00,LONG,48.00861104225332,,,,,,,,
2026-08-24 04:50:00,LONG,52.05026631516724,,,,,,,,
2026-08-24 09:25:00,SHORT,44.39325624761094,,,,,,,,
2026-08-24 10:30:00,LONG,54.425812655941535,,,,,,,,
2026-08-24 12:20:00,LONG,57.19807098463631,,,,,,,,
2026-08-24 14:05:00,LONG,54.43177289914369,,,,,,,,
2026-08-24 14:20:00,LONG,51.35532808731457,,,,,,,,
2026-08-25 12:25:00,LONG,47.76505075878573,,,,,,,,
2026-08-26 17:35:00,SHORT,48.317213510730674,,,,,,,,
2026-08-28 09:15:00,LONG,46.898180948683205,,,,,,,,
2026-08-30 23:20:00,SHORT,49.76199418423374,,,,,,,,
2026-08-31 07:15:00,LONG,55.80094179747695,,,,,,,,
2026-08-31 16:55:00,SHORT,50.1982906301054,,,,,,,,
2026-09-01 15:00:00,SHORT,45.93162132866261,,,,,,,,
2026-09-02 01:25:00,SHORT,43.56497101090477,,,,,,,,
2026-09-02 04:25:00,SHORT,50.725499029412205,,,,,,,,
2026-09-02 06:55:00,LONG,55.04690211521137,,,,,,,,
2026-09-03 06:05:00,LONG,52.147780046423975,,,,,,,,
2026-09-03 09:25:00,LONG,52.23232719948232,,,,,,,,
2026-09-04 11:55:00,SHORT,43.287100021534904,,,,,,,,
2026-09-04 13:50:00,SHORT,48.7631751433882,,,,,,,,
2026-09-07 01:55:00,SHORT,44.69395685583588,,,,,,,,
2026-09-07 07:25:00,SHORT,45.20730051553536,,,,,,,,
2026-09-07 09:00:00,LONG,55.596861297886576,,,,,,,,
2026-09-08 02:20:00,LONG,51.0694276781136,,,,,,,,
2026-09-08 16:55:00,SHORT,47.51276016565128,,,,,,,,
2026-09-08 17:20:00,SHORT,48.002293248119166,,,,,,,,
2026-09-09 16:05:00,SHORT,42.75951656902266,,,,,,,,
2026-09-09 22:45:00,SHORT,46.29423874428935,,,,,,,,
2026-09-10 04:45:00,LONG,46.39719671138111,,,,,,,,
2026-09-11 00:20:00,SHORT,49.9938954452597,,,,,,,,
2026-09-14 01:30:00,SHORT,45.03699903496341,,,,,,,,
2026-09-14 06:00:00,SHORT,53.44545509906813,,,,,,,,
2026-09-14 06:20:00,SHORT,47.45716826965777,,,,,,,,
2026-09-14 14:50:00,SHORT,50.7900631314047,,,,,,,,
2026-09-14 15:00:00,SHORT,47.405464175075856,,,,,,,,
2026-09-15 10:35:00,SHORT,53.3740118794989,,,,,,,,
2026-09-15 13:40:00,LONG,56.72394861766576,,,,,,,,
2026-09-15 19:20:00,LONG,51.61390189156058,,,,,,,,
2026-09-16 23:30:00,SHORT,53.47697943270661,,,,,,,,
2026-09-18 03:00:00,LONG,46.28784157214436,,,,,,,,
2026-09-18 19:45:00,LONG,48.185293216298994,,,,,,,,
2026-09-21 19:55:00,SHORT,45.18310774990175,,,,,,,,
2026-09-22 09:25:00,SHORT,48.10827773757259,,,,,,,,
2026-09-23 18:35:00,SHORT,47.58801544090343,,,,,,,,
2026-09-23 20:30:00,SHORT,44.965903572695474,,,,,,,,
2026-09-24 05:25:00,LONG,54.55551485419991,,,,,,,,
2026-09-24 06:25:00,SHORT,44.403213220853694,,,,,,,,
2026-09-24 23:00:00,LONG,54.44328718716964,,,,,,,,
2026-09-24 23:10:00,LONG,55.88720966603916,,,,,,,,
2026-09-25 15:05:00,SHORT,46.16407815606075,,,,,,,,
2026-09-25 20:05:00,LONG,51.209234268643705,,,,,,,,
2026-09-28 10:55:00,SHORT,51.47420967574665,,,,,,,,
2026-09-28 22:30:00,SHORT,49.5607027577033,,,,,,,,
