trades,wins,losses,win_rate_pct,total_r,avg_r,profit_factor,sl_atr,rr,tp_atr
7363,1875,5488,25.465163656118428,137.0,0.0186065462447372,1.024963556851312,2.0,3.0,6.0
7363,3255,4108,44.2075241070216,-39.25,-0.005330707592014125,0.9904454722492697,2.0,1.25,2.5
7363,2087,5276,28.34442482683689,-58.5,-0.00794513106070895,0.9889120545868082,2.0,2.5,5.0
7363,2921,4442,39.671329621078364,-60.5,-0.00821675947304088,0.9863800090049527,2.0,1.5,3.0
7363,2429,4934,32.98927067771289,-76.0,-0.010321879668613337,0.984596676124848,2.0,2.0,4.0
7363,4153,3210,56.403639820725246,-95.25,-0.012936303137308163,0.9703271028037384,2.0,0.75,1.5
7363,3626,3737,49.246231155778894,-111.0,-0.01507537688442211,0.9702970297029703,2.0,1.0,2.0
7363,4851,2512,65.88347141110961,-86.5,-0.011747928833355969,0.9655652866242038,2.0,0.5,1.0
7364,1788,5576,24.2802824551874,-212.0,-0.028788701792504073,0.9619799139167863,1.5,3.0,4.5
7364,2040,5324,27.70233568712656,-224.0,-0.030418250950570342,0.9579263711495116,1.5,2.5,3.75
7364,2367,4997,32.142857142857146,-263.0,-0.03571428571428571,0.9473684210526315,1.5,2.0,3.0
7364,2819,4545,38.28082563824008,-316.5,-0.04297935904399783,0.9303630363036304,1.5,1.5,2.25
7364,3105,4259,42.16458446496469,-377.75,-0.05129684953829441,0.9113054707677859,1.5,1.25,1.875
7364,3489,3875,47.37914177077675,-386.0,-0.052417164584464965,0.9003870967741936,1.5,1.0,1.5
7364,3998,3366,54.29114611624117,-367.5,-0.04990494296577947,0.8908199643493762,1.5,0.75,1.125
7364,4690,2674,63.68821292775665,-329.0,-0.04467680608365019,0.8769633507853403,1.5,0.5,0.75
7364,1638,5726,22.24334600760456,-812.0,-0.11026615969581749,0.8581907090464548,1.25,3.0,3.75
7364,2185,5179,29.6713742531233,-809.0,-0.10985877240630092,0.8437922378837613,1.25,2.0,2.5
7364,1851,5513,25.13579576317219,-885.5,-0.12024714828897339,0.8393796481044803,1.25,2.5,3.125
7364,2570,4794,34.89951113525258,-939.0,-0.1275122216186855,0.8041301627033792,1.25,1.5,1.875
7364,2863,4501,38.87832699619772,-922.25,-0.12523764258555134,0.7951010886469674,1.25,1.25,1.5625
7364,3237,4127,43.95708853883759,-890.0,-0.12085822922324824,0.7843469832808335,1.25,1.0,1.25
7364,3723,3641,50.55676262900598,-848.75,-0.11525665399239544,0.7668909640208734,1.25,0.75,0.9375
7364,4389,2975,59.60076045627376,-780.5,-0.10598859315589354,0.7376470588235294,1.25,0.5,0.625
7364,1639,5725,22.256925583921785,-1627.5,-0.22100760456273763,0.7157205240174672,1.0,2.5,2.5
7364,1411,5953,19.160782183595874,-1720.0,-0.23356871265616513,0.7110700487149336,1.0,3.0,3.0
7364,1882,5482,25.556762629005974,-1718.0,-0.23329712112982076,0.6866107260124042,1.0,2.0,2.0
7364,2276,5088,30.90711569799022,-1674.0,-0.22732210755024443,0.6709905660377359,1.0,1.5,1.5
7364,2529,4835,34.34274850624661,-1673.75,-0.2272881586094514,0.6538262668045501,1.0,1.25,1.25
7364,2848,4516,38.67463335143944,-1668.0,-0.2265073329712113,0.6306465899025686,1.0,1.0,1.0
7364,3306,4058,44.89407930472569,-1578.5,-0.21435361216730037,0.6110152784622968,1.0,0.75,0.75
7364,3944,3420,53.55784899511136,-1448.0,-0.1966322650733297,0.5766081871345029,1.0,0.5,0.5
7364,1041,6323,14.136338946224877,-3200.0,-0.4345464421510049,0.49391111814012334,0.75,3.0,2.25
7364,1183,6181,16.064638783269963,-3223.5,-0.4377376425855513,0.4784824462061155,0.75,2.5,1.875
7364,1392,5972,18.902770233568713,-3188.0,-0.4329168929929386,0.46617548559946415,0.75,2.0,1.5
7364,1668,5696,22.650733297121132,-3194.0,-0.43373166757197174,0.4392556179775281,0.75,1.5,1.125
7364,1855,5509,25.190114068441066,-3190.25,-0.43322243346007605,0.4209021601016518,0.75,1.25,0.9375
7364,2118,5246,28.761542639869635,-3128.0,-0.4247691472026073,0.40373617994662603,0.75,1.0,0.75
7364,2496,4868,33.89462248777838,-2996.0,-0.4068441064638783,0.3845521774856204,0.75,0.75,0.5625
7364,3025,4339,41.07821835958718,-2826.5,-0.38382672460619227,0.34858262272413,0.75,0.5,0.375
7364,572,6792,7.767517653449213,-5076.0,-0.6892992938620315,0.25265017667844525,0.5,3.0,1.5
7364,658,6706,8.935361216730039,-5061.0,-0.6872623574144486,0.2453027139874739,0.5,2.5,1.25
7364,757,6607,10.279739272134709,-5093.0,-0.6916078218359587,0.2291509005600121,0.5,2.0,1.0
7364,1104,6260,14.99185225420967,-4880.0,-0.6626833242802824,0.22044728434504793,0.5,1.25,0.625
7364,943,6421,12.805540467137424,-5006.5,-0.6798614883215643,0.22029278928515808,0.5,1.5,0.75
7364,1302,6062,17.680608365019012,-4760.0,-0.6463878326996197,0.21478060046189376,0.5,1.0,0.5
7364,1550,5814,21.0483432916893,-4651.5,-0.6316539923954373,0.19994840041279668,0.5,0.75,0.375
7364,1886,5478,25.61108093427485,-4535.0,-0.6158337859858772,0.17214311792625045,0.5,0.5,0.25
