trades,wins,losses,win_rate_pct,total_r,avg_r,profit_factor,hour
203,61,142,30.049261083743843,-50.5,-0.24876847290640394,0.6443661971830986,0
217,65,152,29.953917050691242,-54.5,-0.2511520737327189,0.6414473684210527,1
202,68,134,33.663366336633665,-32.0,-0.15841584158415842,0.7611940298507462,2
194,72,122,37.11340206185567,-14.0,-0.07216494845360824,0.8852459016393442,3
274,82,192,29.927007299270077,-69.0,-0.2518248175182482,0.640625,4
257,74,183,28.793774319066145,-72.0,-0.2801556420233463,0.6065573770491803,5
197,71,126,36.04060913705584,-19.5,-0.09898477157360407,0.8452380952380952,6
206,61,145,29.61165048543689,-53.5,-0.25970873786407767,0.6310344827586207,7
211,77,134,36.492890995260666,-18.5,-0.08767772511848342,0.8619402985074627,8
251,62,189,24.701195219123505,-96.0,-0.38247011952191234,0.49206349206349204,9
219,80,139,36.5296803652968,-19.0,-0.0867579908675799,0.8633093525179856,10
218,75,143,34.403669724770644,-30.5,-0.13990825688073394,0.7867132867132867,11
232,71,161,30.603448275862068,-54.5,-0.2349137931034483,0.6614906832298136,12
220,75,145,34.090909090909086,-32.5,-0.14772727272727273,0.7758620689655172,13
213,76,137,35.68075117370892,-23.0,-0.107981220657277,0.8321167883211679,14
204,76,128,37.254901960784316,-14.0,-0.06862745098039216,0.890625,15
249,92,157,36.94779116465863,-19.0,-0.07630522088353414,0.8789808917197452,16
240,74,166,30.833333333333336,-55.0,-0.22916666666666666,0.6686746987951807,17
227,77,150,33.92070484581498,-34.5,-0.15198237885462554,0.77,18
230,59,171,25.65217391304348,-82.5,-0.358695652173913,0.5175438596491229,19
245,86,159,35.10204081632653,-30.0,-0.12244897959183673,0.8113207547169812,20
66,23,43,34.84848484848485,-8.5,-0.12878787878787878,0.8023255813953488,21
130,40,90,30.76923076923077,-30.0,-0.23076923076923078,0.6666666666666666,22
217,65,152,29.953917050691242,-54.5,-0.2511520737327189,0.6414473684210527,23
