trades,wins,losses,win_rate_pct,total_r,avg_r,profit_factor,bin
875,309,566,35.31428571428572,-102.5,-0.11714285714285715,0.818904593639576,0-.25
930,356,574,38.27956989247312,-40.0,-0.043010752688172046,0.9303135888501742,.25-.5
1049,373,676,35.557673975214485,-116.5,-0.11105815061963775,0.8276627218934911,.5-.75
811,267,544,32.92231812577066,-143.5,-0.17694204685573367,0.7362132352941176,.75-1
950,272,678,28.631578947368418,-270.0,-0.28421052631578947,0.6017699115044248,1-1.5
315,60,255,19.047619047619047,-165.0,-0.5238095238095238,0.35294117647058826,1.5-2
169,24,145,14.201183431952662,-109.0,-0.6449704142011834,0.2482758620689655,2-3
21,1,20,4.761904761904762,-18.5,-0.8809523809523809,0.075,3-5
2,0,2,0.0,-2.0,-1.0,0.0,5+
