trades,wins,losses,win_rate_pct,total_r,avg_r,profit_factor,sl_atr,tp_atr,rr
3613,1631,1982,45.14254082479934,56.75,0.015707168557985055,1.028632694248234,2.0,2.5,1.25
3613,1467,2146,40.60337669526709,54.42975228648373,0.015064974338910526,1.025363351484848,2.0,3.0,1.5
3613,2235,1378,61.8599501799059,18.875,0.0052241904234708,1.0136973875181423,2.0,1.25,0.625
3613,2071,1542,57.32078605037365,11.25,0.003113755881538887,1.007295719844358,2.0,1.5,0.75
3613,1806,1807,49.98616108497094,-1.0,-0.0002767783005812344,0.9994465965688988,2.0,2.0,1.0
3613,1196,2417,33.10268474951564,-25.093663618021694,-0.006945381571553195,0.9896178470757047,1.5,3.0,2.0
3613,1343,2270,37.17132576805978,-31.666666666666472,-0.00876464618507237,0.9860499265785608,1.5,2.5,1.6666666666666667
3613,2389,1224,66.1223360088569,-29.5,-0.008164959867146417,0.9758986928104575,2.0,1.0,0.5
3613,2610,1003,72.2391364517022,-24.25,-0.006711873789094935,0.9758225324027916,2.0,0.75,0.375
3613,1514,2099,41.904234707998896,-80.33333333333356,-0.022234523480025893,0.961727806892171,1.5,2.0,1.3333333333333333
3613,1757,1856,48.62994741212289,-99.0,-0.02740105175754221,0.9466594827586207,1.5,1.5,1.0
3613,1912,1701,52.92001107113202,-107.66666666666654,-0.029799797029246206,0.9367038996668627,1.5,1.25,0.8333333333333334
3613,1128,2485,31.220592305563244,-229.0,-0.06338223083310268,0.9078470824949698,1.25,2.5,2.0
3613,991,2622,27.42872958760033,-243.712396341626,-0.0674543028900155,0.9070509548658939,1.25,3.0,2.4
3613,2067,1546,57.21007473014116,-168.0000000000001,-0.04649875449764741,0.891332470892626,1.5,1.0,0.6666666666666666
3613,2307,1306,63.85275394409078,-152.5,-0.04220869083863825,0.8832312404287902,1.5,0.75,0.5
3613,1276,2337,35.31691115416552,-295.4,-0.08176030999169664,0.8735986307231492,1.25,2.0,1.6
3613,1497,2116,41.43371159701079,-319.6,-0.08845834486576253,0.8489603024574668,1.25,1.5,1.2
3613,1640,1973,45.39164129532245,-333.0,-0.09216717409355106,0.8312214901165738,1.25,1.25,1.0
3613,1794,1819,49.65402712427346,-383.8,-0.10622751176307778,0.789004947773502,1.25,1.0,0.8
3613,2045,1568,56.60116246886244,-341.0,-0.09438140049820094,0.7825255102040815,1.25,0.75,0.6
3613,734,2879,20.31552726266261,-677.1404954270325,-0.1874177955790292,0.7648001057912357,1.0,3.0,3.0
3613,842,2771,23.30473290893994,-666.0,-0.18433434818710212,0.7596535546734031,1.0,2.5,2.5
3613,960,2653,26.570716855798505,-733.0,-0.20287849432604485,0.7237090086694309,1.0,2.0,2.0
3613,1144,2469,31.66343758649322,-753.0,-0.20841406033766952,0.6950182260024301,1.0,1.5,1.5
3613,1250,2363,34.59728757265431,-800.5,-0.22156102961527815,0.6612357173085062,1.0,1.25,1.25
3613,1383,2230,38.27843897038472,-847.0,-0.23443122059230556,0.6201793721973095,1.0,1.0,1.0
3613,1609,2004,44.53362856352062,-797.25,-0.22066150013838914,0.6021706586826348,1.0,0.75,0.75
3613,417,3196,11.541655134237477,-1528.1873272360435,-0.4229690914021709,0.5218437649449176,0.75,3.0,4.0
3613,483,3130,13.368391918073625,-1519.9999999999998,-0.4207030168834763,0.5143769968051118,0.75,2.5,3.3333333333333335
3613,555,3058,15.361195682258511,-1578.0,-0.43675615831718795,0.4839764551994768,0.75,2.0,2.6666666666666665
3613,666,2947,18.43343481871021,-1615.0,-0.4469969554386936,0.4519850695622667,0.75,1.5,2.0
3613,737,2876,20.39856075283698,-1647.6666666666665,-0.4560383799243472,0.42709782104775146,0.75,1.25,1.6666666666666667
3613,822,2791,22.75117630777747,-1695.0,-0.4691392194851924,0.392690791830885,0.75,1.0,1.3333333333333333
3613,974,2639,26.958206476612233,-1665.0,-0.4608358704677553,0.36907919666540356,0.75,0.75,1.0
3613,115,3498,3.1829504566841957,-2808.0,-0.7771934680321063,0.19725557461406518,0.5,3.0,6.0
3613,136,3477,3.764184887904788,-2797.0,-0.7741489067257127,0.19557089444923784,0.5,2.5,5.0
3613,155,3458,4.2900636590091334,-2838.0,-0.7854968170495433,0.1792943898207056,0.5,2.0,4.0
3613,202,3411,5.590921671740936,-2805.0,-0.7763631331303625,0.17766051011433598,0.5,1.5,3.0
3613,237,3376,6.559645723775256,-2783.5,-0.770412399667866,0.17550355450236968,0.5,1.25,2.5
3613,278,3335,7.694436756158317,-2779.0,-0.7691668973152505,0.16671664167916042,0.5,1.0,2.0
3613,350,3263,9.687240520343206,-2738.0,-0.7578189869914199,0.16089488201041985,0.5,0.75,1.5
