threshold_r,mfe_reached_pct,mae_reached_pct,mfe_count,mae_count
0.25,99.5048143053645,100.0,3617,3635
0.5,99.14718019257222,99.86244841815682,3604,3630
0.75,98.81705639614854,99.53232462173315,3592,3618
1.0,98.18431911966987,98.87207702888583,3569,3594
1.25,97.88170563961486,98.34938101788171,3558,3575
1.5,97.55158184319119,97.88170563961486,3546,3558
2.0,96.8363136176066,97.38651994497937,3520,3540
2.5,96.23108665749656,96.56121045392022,3498,3510
3.0,95.84594222833562,95.6808803301238,3484,3478
