month,trades,wins,win_rate_pct,total_r,avg_r,profit_factor
2025-10,313.0,135.0,43.13099041533546,24.5,0.07827476038338659,1.1376404494382022
2025-11,280.0,99.0,35.35714285714286,-32.5,-0.11607142857142858,0.8204419889502762
2025-12,313.0,114.0,36.42172523961661,-28.0,-0.08945686900958466,0.8592964824120602
2026-01,291.0,121.0,41.580756013745706,11.5,0.03951890034364261,1.0676470588235294
2026-02,304.0,115.0,37.82894736842105,-16.5,-0.054276315789473686,0.9126984126984127
2026-03,320.0,128.0,40.0,0.0,0.0,1.0
2026-04,302.0,115.0,38.079470198675494,-14.5,-0.048013245033112585,0.9224598930481284
2026-05,291.0,101.0,34.707903780068726,-38.5,-0.1323024054982818,0.7973684210526316
2026-06,312.0,134.0,42.94871794871795,23.0,0.07371794871794872,1.1292134831460674
2026-07,325.0,112.0,34.46153846153846,-45.0,-0.13846153846153847,0.7887323943661971
2026-08,290.0,113.0,38.96551724137931,-7.5,-0.02586206896551724,0.9576271186440678
2026-09,303.0,128.0,42.244224422442244,17.0,0.056105610561056105,1.0971428571428572
