hour,trades,wins,win_rate_pct,total_r,avg_r,profit_factor
0,514.0,207.0,40.27237354085603,3.5,0.006809338521400778,1.011400651465798
1,560.0,239.0,42.67857142857142,37.5,0.06696428571428571,1.1168224299065421
2,427.0,159.0,37.23653395784544,-29.5,-0.06908665105386416,0.8899253731343284
3,393.0,166.0,42.23918575063613,22.0,0.05597964376590331,1.0969162995594715
4,421.0,172.0,40.85510688836104,9.0,0.021377672209026127,1.036144578313253
5,533.0,232.0,43.52720450281426,47.0,0.08818011257035648,1.1561461794019934
6,488.0,208.0,42.62295081967213,32.0,0.06557377049180328,1.1142857142857143
7,517.0,208.0,40.232108317214696,3.0,0.005802707930367505,1.0097087378640777
8,459.0,200.0,43.57298474945534,41.0,0.08932461873638345,1.1583011583011582
9,486.0,176.0,36.21399176954733,-46.0,-0.09465020576131687,0.8516129032258064
10,491.0,188.0,38.289205702647656,-21.0,-0.04276985743380855,0.9306930693069307
11,518.0,191.0,36.87258687258687,-40.5,-0.07818532818532818,0.8761467889908257
12,575.0,217.0,37.73913043478261,-32.5,-0.05652173913043478,0.909217877094972
13,637.0,265.0,41.60125588697017,25.5,0.040031397174254316,1.0685483870967742
14,467.0,193.0,41.32762312633833,15.5,0.033190578158458245,1.0565693430656935
15,402.0,175.0,43.53233830845771,35.5,0.08830845771144279,1.1563876651982379
16,389.0,148.0,38.04627249357326,-19.0,-0.04884318766066838,0.921161825726141
17,432.0,160.0,37.03703703703704,-32.0,-0.07407407407407407,0.8823529411764706
18,438.0,169.0,38.58447488584475,-15.5,-0.03538812785388128,0.9423791821561338
19,418.0,142.0,33.97129186602871,-63.0,-0.1507177033492823,0.7717391304347826
20,396.0,151.0,38.131313131313135,-18.5,-0.04671717171717172,0.9244897959183673
21,108.0,36.0,33.33333333333333,-18.0,-0.16666666666666666,0.75
22,334.0,131.0,39.221556886227546,-6.5,-0.019461077844311378,0.9679802955665024
23,482.0,199.0,41.286307053941904,15.5,0.032157676348547715,1.0547703180212014
